ISO-10303-21;
HEADER;
FILE_DESCRIPTION(('CATIA V5 STEP Exchange'),'2;1');

FILE_NAME('H:\\MCX.stp','2012-09-12T08:59:48+00:00',('none'),('none'),'CATIA Version 5 Release 17 (IN-10)','CATIA V5 STEP AP203','none');

FILE_SCHEMA(('CONFIG_CONTROL_DESIGN'));

ENDSEC;
/* file written by CATIA V5R17 */
DATA;
#5=PRODUCT('PAR-00230496','','',(#2)) ;
#1=APPLICATION_CONTEXT('configuration controlled 3D design of mechanical parts and assemblies') ;
#14=PRODUCT_DEFINITION(' ',' ',#6,#3) ;
#16=SECURITY_CLASSIFICATION(' ',' ',#15) ;
#15=SECURITY_CLASSIFICATION_LEVEL('unclassified') ;
#47=CARTESIAN_POINT(' ',(0.,0.,0.)) ;
#52=CARTESIAN_POINT('Axis2P3D Location',(-6.56,0.,-2.91780042648)) ;
#57=CARTESIAN_POINT('Axis2P3D Location',(-6.54,-3.33066907388E-016,-2.91780042648)) ;
#61=CARTESIAN_POINT('Vertex',(-5.66899930732,0.475829847065,-2.91780042648)) ;
#63=CARTESIAN_POINT('Vertex',(-7.41100069268,-0.475829847065,-2.91780042648)) ;
#66=CARTESIAN_POINT('Axis2P3D Location',(-6.54,1.11022302463E-016,-2.91780042648)) ;
#75=CARTESIAN_POINT('Axis2P3D Location',(-6.54,6.66133814775E-016,-2.91780042648)) ;
#79=CARTESIAN_POINT('Vertex',(-7.31885452368,-0.425490165511,-2.91780042648)) ;
#81=CARTESIAN_POINT('Vertex',(-5.76114547632,0.425490165511,-2.91780042648)) ;
#84=CARTESIAN_POINT('Axis2P3D Location',(-6.54,-2.22044604925E-016,-2.91780042648)) ;
#94=CARTESIAN_POINT('Axis2P3D Location',(-6.42076778412,0.,0.)) ;
#99=CARTESIAN_POINT('Line Origine',(-2.92132425308,-0.065,0.297044795302)) ;
#103=CARTESIAN_POINT('Vertex',(-3.275,-0.065,0.297044795302)) ;
#105=CARTESIAN_POINT('Vertex',(-1.55140399933,-0.065,0.297044795302)) ;
#108=CARTESIAN_POINT('Axis2P3D Location',(-3.275,0.,0.)) ;
#112=CARTESIAN_POINT('Vertex',(-3.275,0.065,0.297044795302)) ;
#115=CARTESIAN_POINT('Line Origine',(-2.92132425308,0.065,0.297044795302)) ;
#119=CARTESIAN_POINT('Vertex',(-1.55140399933,0.065,0.297044795302)) ;
#122=CARTESIAN_POINT('Axis2P3D Location',(-1.55140399933,0.,0.)) ;
#134=CARTESIAN_POINT('Axis2P3D Location',(-1.55140399933,0.,0.)) ;
#139=CARTESIAN_POINT('Axis2P3D Location',(-1.41968107224,0.,0.)) ;
#143=CARTESIAN_POINT('Vertex',(-1.42034640054,0.23371995007,0.427821498922)) ;
#145=CARTESIAN_POINT('Vertex',(-1.42034640054,-0.23371995007,0.427821498922)) ;
#148=CARTESIAN_POINT('Line Origine',(-1.48554253578,-0.189973460132,0.347744086222)) ;
#152=CARTESIAN_POINT('Vertex',(-1.43285008061,-0.225330003144,0.412463804088)) ;
#155=CARTESIAN_POINT('Axis2P3D Location',(-1.43285008061,0.,0.)) ;
#159=CARTESIAN_POINT('Vertex',(-1.43285008061,-0.065,0.465483619475)) ;
#163=CARTESIAN_POINT('Control Point',(-1.55140399933,-0.065,0.297044795302)) ;
#164=CARTESIAN_POINT('Control Point',(-1.53229680708,-0.065,0.32441975573)) ;
#165=CARTESIAN_POINT('Control Point',(-1.50840831082,-0.0650000456729,0.358480424785)) ;
#166=CARTESIAN_POINT('Control Point',(-1.47906484843,-0.065,0.400174410069)) ;
#167=CARTESIAN_POINT('Control Point',(-1.43285008061,-0.065,0.465483619475)) ;
#170=CARTESIAN_POINT('Control Point',(-1.55140399933,0.065,0.297044795302)) ;
#171=CARTESIAN_POINT('Control Point',(-1.53229680708,0.065,0.324419755726)) ;
#172=CARTESIAN_POINT('Control Point',(-1.50840831083,0.0650000456727,0.35848042478)) ;
#173=CARTESIAN_POINT('Control Point',(-1.47906484842,0.065,0.400174410078)) ;
#174=CARTESIAN_POINT('Control Point',(-1.43285008061,0.065,0.465483619475)) ;
#175=CARTESIAN_POINT('Vertex',(-1.43285008061,0.065,0.465483619475)) ;
#178=CARTESIAN_POINT('Axis2P3D Location',(-1.43285008061,0.,0.)) ;
#182=CARTESIAN_POINT('Vertex',(-1.43285008061,0.225330003144,0.412463804088)) ;
#185=CARTESIAN_POINT('Axis2P3D Location',(-1.43285008061,0.,0.)) ;
#189=CARTESIAN_POINT('Vertex',(-1.43285008061,0.465483619475,0.065)) ;
#193=CARTESIAN_POINT('Control Point',(-1.55140399933,0.297044795302,0.065)) ;
#194=CARTESIAN_POINT('Control Point',(-1.53229680708,0.324419755724,0.065)) ;
#195=CARTESIAN_POINT('Control Point',(-1.50840831083,0.35848042478,0.0650000456728)) ;
#196=CARTESIAN_POINT('Control Point',(-1.47906484842,0.400174410082,0.065)) ;
#197=CARTESIAN_POINT('Control Point',(-1.43285008061,0.465483619475,0.065)) ;
#198=CARTESIAN_POINT('Vertex',(-1.55140399933,0.297044795302,0.065)) ;
#201=CARTESIAN_POINT('Axis2P3D Location',(-1.55140399933,0.,0.)) ;
#205=CARTESIAN_POINT('Vertex',(-1.55140399933,0.297044795302,-0.065)) ;
#209=CARTESIAN_POINT('Control Point',(-1.55140399933,0.297044795302,-0.065)) ;
#210=CARTESIAN_POINT('Control Point',(-1.53229680708,0.324419755727,-0.065)) ;
#211=CARTESIAN_POINT('Control Point',(-1.50840831082,0.358480424784,-0.0650000456731)) ;
#212=CARTESIAN_POINT('Control Point',(-1.47906484842,0.400174410075,-0.065)) ;
#213=CARTESIAN_POINT('Control Point',(-1.43285008061,0.465483619475,-0.065)) ;
#214=CARTESIAN_POINT('Vertex',(-1.43285008061,0.465483619475,-0.065)) ;
#217=CARTESIAN_POINT('Axis2P3D Location',(-1.43285008061,0.,0.)) ;
#221=CARTESIAN_POINT('Vertex',(-1.43285008061,0.225330003144,-0.412463804088)) ;
#224=CARTESIAN_POINT('Line Origine',(-1.48554253578,0.189973460132,-0.347744086222)) ;
#228=CARTESIAN_POINT('Vertex',(-1.42034640054,0.234147654637,-0.4275875651)) ;
#231=CARTESIAN_POINT('Axis2P3D Location',(-1.41968107224,0.,0.)) ;
#253=CARTESIAN_POINT('Axis2P3D Location',(-1.375,0.065,0.0703484266996)) ;
#258=CARTESIAN_POINT('Line Origine',(-3.275,0.065,0.28598261917)) ;
#262=CARTESIAN_POINT('Vertex',(-3.275,0.065,0.274920443038)) ;
#265=CARTESIAN_POINT('Line Origine',(-2.3875,0.065,0.274920443038)) ;
#269=CARTESIAN_POINT('Vertex',(-1.5,0.065,0.274920443038)) ;
#273=CARTESIAN_POINT('Control Point',(-1.5,0.065,0.274920443038)) ;
#274=CARTESIAN_POINT('Control Point',(-1.48279465816,0.065,0.292600136177)) ;
#275=CARTESIAN_POINT('Control Point',(-1.4628979523,0.065,0.312970154903)) ;
#276=CARTESIAN_POINT('Control Point',(-1.43940034476,0.065,0.336940181628)) ;
#277=CARTESIAN_POINT('Control Point',(-1.41127997396,0.065,0.365532038678)) ;
#278=CARTESIAN_POINT('Control Point',(-1.375,0.065,0.402282549957)) ;
#279=CARTESIAN_POINT('Vertex',(-1.375,0.065,0.402282549957)) ;
#282=CARTESIAN_POINT('Line Origine',(-1.375,0.065,0.433883084716)) ;
#286=CARTESIAN_POINT('Vertex',(-1.375,0.065,0.465483619475)) ;
#289=CARTESIAN_POINT('Line Origine',(-1.40392504031,0.065,0.465483619475)) ;
#304=CARTESIAN_POINT('Axis2P3D Location',(-3.275,0.,1.10988142147E-015)) ;
#309=CARTESIAN_POINT('Line Origine',(-3.275,-0.065,0.28598261917)) ;
#313=CARTESIAN_POINT('Vertex',(-3.275,-0.065,0.274920443038)) ;
#316=CARTESIAN_POINT('Axis2P3D Location',(-3.275,-1.11022302463E-016,1.04049248243E-015)) ;
#328=CARTESIAN_POINT('Axis2P3D Location',(-1.375,-0.065,0.574363470078)) ;
#333=CARTESIAN_POINT('Line Origine',(-1.40392504031,-0.065,0.465483619475)) ;
#337=CARTESIAN_POINT('Vertex',(-1.375,-0.065,0.465483619475)) ;
#340=CARTESIAN_POINT('Line Origine',(-1.375,-0.065,0.433883084716)) ;
#344=CARTESIAN_POINT('Vertex',(-1.375,-0.065,0.402282549957)) ;
#348=CARTESIAN_POINT('Control Point',(-1.5,-0.065,0.274920443038)) ;
#349=CARTESIAN_POINT('Control Point',(-1.48279465816,-0.065,0.292600136177)) ;
#350=CARTESIAN_POINT('Control Point',(-1.4628979523,-0.065,0.312970154903)) ;
#351=CARTESIAN_POINT('Control Point',(-1.43940034476,-0.065,0.336940181628)) ;
#352=CARTESIAN_POINT('Control Point',(-1.41127997396,-0.065,0.365532038678)) ;
#353=CARTESIAN_POINT('Control Point',(-1.375,-0.065,0.402282549957)) ;
#354=CARTESIAN_POINT('Vertex',(-1.5,-0.065,0.274920443038)) ;
#357=CARTESIAN_POINT('Line Origine',(-2.3875,-0.065,0.274920443038)) ;
#372=CARTESIAN_POINT('Axis2P3D Location',(-4.56,0.,0.)) ;
#377=CARTESIAN_POINT('Line Origine',(-4.56,-0.23371995007,-0.427821498922)) ;
#381=CARTESIAN_POINT('Vertex',(-1.36,-0.23371995007,-0.427821498922)) ;
#383=CARTESIAN_POINT('Vertex',(-1.42034640054,-0.23371995007,-0.427821498922)) ;
#386=CARTESIAN_POINT('Axis2P3D Location',(-1.36,0.,0.)) ;
#390=CARTESIAN_POINT('Vertex',(-1.36,0.23371995007,0.427821498922)) ;
#393=CARTESIAN_POINT('Line Origine',(-4.56,0.23371995007,0.427821498922)) ;
#398=CARTESIAN_POINT('Axis2P3D Location',(-1.42034640054,0.,0.)) ;
#411=CARTESIAN_POINT('Axis2P3D Location',(-1.41968107224,0.,0.)) ;
#416=CARTESIAN_POINT('Axis2P3D Location',(-1.43285008061,0.,0.)) ;
#420=CARTESIAN_POINT('Vertex',(-1.43285008061,0.065,-0.465483619475)) ;
#424=CARTESIAN_POINT('Control Point',(-1.55140399933,0.065,-0.297044795302)) ;
#425=CARTESIAN_POINT('Control Point',(-1.53229680708,0.065,-0.32441975573)) ;
#426=CARTESIAN_POINT('Control Point',(-1.50840831082,0.0650000456729,-0.358480424785)) ;
#427=CARTESIAN_POINT('Control Point',(-1.47906484843,0.065,-0.400174410069)) ;
#428=CARTESIAN_POINT('Control Point',(-1.43285008061,0.065,-0.465483619475)) ;
#429=CARTESIAN_POINT('Vertex',(-1.55140399933,0.065,-0.297044795302)) ;
#432=CARTESIAN_POINT('Axis2P3D Location',(-1.55140399933,0.,0.)) ;
#436=CARTESIAN_POINT('Vertex',(-1.55140399933,-0.065,-0.297044795302)) ;
#440=CARTESIAN_POINT('Control Point',(-1.55140399933,-0.065,-0.297044795302)) ;
#441=CARTESIAN_POINT('Control Point',(-1.53229680708,-0.065,-0.324419755726)) ;
#442=CARTESIAN_POINT('Control Point',(-1.50840831083,-0.0650000456727,-0.35848042478)) ;
#443=CARTESIAN_POINT('Control Point',(-1.47906484842,-0.065,-0.400174410077)) ;
#444=CARTESIAN_POINT('Control Point',(-1.43285008061,-0.065,-0.465483619475)) ;
#445=CARTESIAN_POINT('Vertex',(-1.43285008061,-0.065,-0.465483619475)) ;
#448=CARTESIAN_POINT('Axis2P3D Location',(-1.43285008061,0.,0.)) ;
#452=CARTESIAN_POINT('Vertex',(-1.43285008061,-0.225330003144,-0.412463804088)) ;
#455=CARTESIAN_POINT('Axis2P3D Location',(-1.43285008061,0.,0.)) ;
#459=CARTESIAN_POINT('Vertex',(-1.43285008061,-0.465483619475,-0.065)) ;
#463=CARTESIAN_POINT('Control Point',(-1.55140399933,-0.297044795302,-0.065)) ;
#464=CARTESIAN_POINT('Control Point',(-1.53229680708,-0.324419755727,-0.065)) ;
#465=CARTESIAN_POINT('Control Point',(-1.50840831082,-0.358480424782,-0.0650000456729)) ;
#466=CARTESIAN_POINT('Control Point',(-1.47906484842,-0.400174410075,-0.065)) ;
#467=CARTESIAN_POINT('Control Point',(-1.43285008061,-0.465483619475,-0.065)) ;
#468=CARTESIAN_POINT('Vertex',(-1.55140399933,-0.297044795302,-0.065)) ;
#471=CARTESIAN_POINT('Axis2P3D Location',(-1.55140399933,0.,0.)) ;
#475=CARTESIAN_POINT('Vertex',(-1.55140399933,-0.297044795302,0.065)) ;
#479=CARTESIAN_POINT('Control Point',(-1.55140399933,-0.297044795302,0.065)) ;
#480=CARTESIAN_POINT('Control Point',(-1.53229680708,-0.324419755727,0.065)) ;
#481=CARTESIAN_POINT('Control Point',(-1.50840831082,-0.358480424782,0.0650000456728)) ;
#482=CARTESIAN_POINT('Control Point',(-1.47906484842,-0.400174410075,0.065)) ;
#483=CARTESIAN_POINT('Control Point',(-1.43285008061,-0.465483619475,0.065)) ;
#484=CARTESIAN_POINT('Vertex',(-1.43285008061,-0.465483619475,0.065)) ;
#487=CARTESIAN_POINT('Axis2P3D Location',(-1.43285008061,0.,0.)) ;
#509=CARTESIAN_POINT('Axis2P3D Location',(-5.03780072552,0.,7.5158122761E-016)) ;
#514=CARTESIAN_POINT('Line Origine',(-3.125,0.465483619475,-0.065)) ;
#518=CARTESIAN_POINT('Vertex',(-1.375,0.465483619475,-0.065)) ;
#521=CARTESIAN_POINT('Axis2P3D Location',(-1.375,0.,1.50133660619E-015)) ;
#525=CARTESIAN_POINT('Vertex',(-1.375,0.065,-0.465483619475)) ;
#528=CARTESIAN_POINT('Line Origine',(-3.125,0.065,-0.465483619475)) ;
#541=CARTESIAN_POINT('Axis2P3D Location',(-1.375,0.0703484266996,-0.065)) ;
#546=CARTESIAN_POINT('Line Origine',(-3.275,0.28598261917,-0.065)) ;
#550=CARTESIAN_POINT('Vertex',(-3.275,0.274920443038,-0.065)) ;
#552=CARTESIAN_POINT('Vertex',(-3.275,0.297044795302,-0.065)) ;
#555=CARTESIAN_POINT('Line Origine',(-2.3875,0.274920443038,-0.065)) ;
#559=CARTESIAN_POINT('Vertex',(-1.5,0.274920443038,-0.065)) ;
#563=CARTESIAN_POINT('Control Point',(-1.5,0.274920443038,-0.065)) ;
#564=CARTESIAN_POINT('Control Point',(-1.48279465816,0.292600136177,-0.065)) ;
#565=CARTESIAN_POINT('Control Point',(-1.46289795229,0.312970154905,-0.065)) ;
#566=CARTESIAN_POINT('Control Point',(-1.43940034476,0.336940181626,-0.065)) ;
#567=CARTESIAN_POINT('Control Point',(-1.41127997396,0.365532038678,-0.065)) ;
#568=CARTESIAN_POINT('Control Point',(-1.375,0.402282549957,-0.065)) ;
#569=CARTESIAN_POINT('Vertex',(-1.375,0.402282549957,-0.065)) ;
#572=CARTESIAN_POINT('Line Origine',(-1.375,0.433883084716,-0.065)) ;
#577=CARTESIAN_POINT('Line Origine',(-2.41320199966,0.297044795302,-0.065)) ;
#592=CARTESIAN_POINT('Line Origine',(-2.92132425308,0.297044795302,0.065)) ;
#596=CARTESIAN_POINT('Vertex',(-3.275,0.297044795302,0.065)) ;
#599=CARTESIAN_POINT('Axis2P3D Location',(-3.275,0.,0.)) ;
#611=CARTESIAN_POINT('Axis2P3D Location',(-1.375,0.574363470078,0.065)) ;
#616=CARTESIAN_POINT('Line Origine',(-1.40392504031,0.465483619475,0.065)) ;
#620=CARTESIAN_POINT('Vertex',(-1.375,0.465483619475,0.065)) ;
#623=CARTESIAN_POINT('Line Origine',(-1.375,0.433883084716,0.065)) ;
#627=CARTESIAN_POINT('Vertex',(-1.375,0.402282549957,0.065)) ;
#631=CARTESIAN_POINT('Control Point',(-1.5,0.274920443038,0.065)) ;
#632=CARTESIAN_POINT('Control Point',(-1.48279465816,0.292600136177,0.065)) ;
#633=CARTESIAN_POINT('Control Point',(-1.46289795229,0.312970154905,0.065)) ;
#634=CARTESIAN_POINT('Control Point',(-1.43940034476,0.336940181626,0.065)) ;
#635=CARTESIAN_POINT('Control Point',(-1.41127997396,0.365532038678,0.065)) ;
#636=CARTESIAN_POINT('Control Point',(-1.375,0.402282549957,0.065)) ;
#637=CARTESIAN_POINT('Vertex',(-1.5,0.274920443038,0.065)) ;
#640=CARTESIAN_POINT('Line Origine',(-2.3875,0.274920443038,0.065)) ;
#644=CARTESIAN_POINT('Vertex',(-3.275,0.274920443038,0.065)) ;
#647=CARTESIAN_POINT('Line Origine',(-3.275,0.28598261917,0.065)) ;
#662=CARTESIAN_POINT('Line Origine',(-3.125,0.225330003144,0.412463804088)) ;
#666=CARTESIAN_POINT('Vertex',(-1.375,0.225330003144,0.412463804088)) ;
#669=CARTESIAN_POINT('Axis2P3D Location',(-1.375,0.,1.50133660619E-015)) ;
#681=CARTESIAN_POINT('Axis2P3D Location',(-1.375,0.,1.50133660619E-015)) ;
#693=CARTESIAN_POINT('Line Origine',(-3.125,-0.465483619475,0.065)) ;
#697=CARTESIAN_POINT('Vertex',(-1.375,-0.465483619475,0.065)) ;
#700=CARTESIAN_POINT('Axis2P3D Location',(-1.375,0.,1.50133660619E-015)) ;
#713=CARTESIAN_POINT('Axis2P3D Location',(-1.36,0.,0.)) ;
#726=CARTESIAN_POINT('Axis2P3D Location',(-5.03780072552,0.,7.5158122761E-016)) ;
#731=CARTESIAN_POINT('Line Origine',(-2.8875,-0.274920443038,0.065)) ;
#735=CARTESIAN_POINT('Vertex',(-3.275,-0.274920443038,0.065)) ;
#737=CARTESIAN_POINT('Vertex',(-1.5,-0.274920443038,0.065)) ;
#740=CARTESIAN_POINT('Axis2P3D Location',(-3.275,0.,1.11241694442E-015)) ;
#744=CARTESIAN_POINT('Vertex',(-3.275,-0.274920443038,-0.065)) ;
#747=CARTESIAN_POINT('Line Origine',(-2.8875,-0.274920443038,-0.065)) ;
#751=CARTESIAN_POINT('Vertex',(-1.5,-0.274920443038,-0.065)) ;
#754=CARTESIAN_POINT('Axis2P3D Location',(-1.5,0.,1.47574978634E-015)) ;
#758=CARTESIAN_POINT('Vertex',(-1.5,-0.135437714656,-0.247917073734)) ;
#761=CARTESIAN_POINT('Line Origine',(-2.8875,-0.135437714656,-0.247917073734)) ;
#765=CARTESIAN_POINT('Vertex',(-4.275,-0.135437714656,-0.247917073734)) ;
#768=CARTESIAN_POINT('Axis2P3D Location',(-4.275,0.,9.07722385595E-016)) ;
#772=CARTESIAN_POINT('Vertex',(-4.275,0.135437714656,0.247917073734)) ;
#775=CARTESIAN_POINT('Line Origine',(-2.8875,0.135437714656,0.247917073734)) ;
#779=CARTESIAN_POINT('Vertex',(-1.5,0.135437714656,0.247917073734)) ;
#782=CARTESIAN_POINT('Axis2P3D Location',(-1.5,0.,1.47574978634E-015)) ;
#787=CARTESIAN_POINT('Axis2P3D Location',(-1.5,0.,1.47574978634E-015)) ;
#807=CARTESIAN_POINT('Axis2P3D Location',(-1.5,0.,1.47574978634E-015)) ;
#812=CARTESIAN_POINT('Line Origine',(-1.4375,0.165401810818,0.302765983852)) ;
#816=CARTESIAN_POINT('Vertex',(-1.375,0.195365906981,0.35761489397)) ;
#819=CARTESIAN_POINT('Axis2P3D Location',(-1.375,0.,1.50133660619E-015)) ;
#831=CARTESIAN_POINT('Axis2P3D Location',(-1.375,0.,0.47)) ;
#836=CARTESIAN_POINT('Axis2P3D Location',(-1.375,0.,1.49880108324E-015)) ;
#850=CARTESIAN_POINT('Line Origine',(-1.375,-0.433883084716,0.065)) ;
#854=CARTESIAN_POINT('Vertex',(-1.375,-0.402282549957,0.065)) ;
#857=CARTESIAN_POINT('Axis2P3D Location',(-1.375,0.,1.49880108324E-015)) ;
#870=CARTESIAN_POINT('Control Point',(-1.5,-0.274920443038,0.065)) ;
#871=CARTESIAN_POINT('Control Point',(-1.47132443026,-0.30438659827,0.065)) ;
#872=CARTESIAN_POINT('Control Point',(-1.43546662327,-0.341031697826,0.065)) ;
#873=CARTESIAN_POINT('Control Point',(-1.375,-0.402282549957,0.065)) ;
#882=CARTESIAN_POINT('Axis2P3D Location',(-1.36,0.,-0.4875)) ;
#887=CARTESIAN_POINT('Axis2P3D Location',(-1.36,0.,0.)) ;
#891=CARTESIAN_POINT('Vertex',(-1.36,-0.443468623209,-0.811763869749)) ;
#893=CARTESIAN_POINT('Vertex',(-1.36,0.443468623209,0.811763869749)) ;
#896=CARTESIAN_POINT('Axis2P3D Location',(-1.36,0.,0.)) ;
#910=CARTESIAN_POINT('Axis2P3D Location',(-1.375,-0.0703484266996,0.065)) ;
#915=CARTESIAN_POINT('Line Origine',(-3.275,-0.28598261917,0.065)) ;
#919=CARTESIAN_POINT('Vertex',(-3.275,-0.297044795302,0.065)) ;
#922=CARTESIAN_POINT('Line Origine',(-2.41320199966,-0.297044795302,0.065)) ;
#937=CARTESIAN_POINT('Line Origine',(-2.92132425308,-0.297044795302,-0.065)) ;
#941=CARTESIAN_POINT('Vertex',(-3.275,-0.297044795302,-0.065)) ;
#944=CARTESIAN_POINT('Axis2P3D Location',(-3.275,0.,0.)) ;
#956=CARTESIAN_POINT('Axis2P3D Location',(-1.375,-0.574363470078,-0.065)) ;
#961=CARTESIAN_POINT('Line Origine',(-1.40392504031,-0.465483619475,-0.065)) ;
#965=CARTESIAN_POINT('Vertex',(-1.375,-0.465483619475,-0.065)) ;
#968=CARTESIAN_POINT('Line Origine',(-1.375,-0.433883084716,-0.065)) ;
#972=CARTESIAN_POINT('Vertex',(-1.375,-0.402282549957,-0.065)) ;
#976=CARTESIAN_POINT('Control Point',(-1.5,-0.274920443038,-0.065)) ;
#977=CARTESIAN_POINT('Control Point',(-1.48279465816,-0.292600136177,-0.065)) ;
#978=CARTESIAN_POINT('Control Point',(-1.4628979523,-0.312970154903,-0.065)) ;
#979=CARTESIAN_POINT('Control Point',(-1.43940034476,-0.336940181628,-0.065)) ;
#980=CARTESIAN_POINT('Control Point',(-1.41127997396,-0.365532038678,-0.065)) ;
#981=CARTESIAN_POINT('Control Point',(-1.375,-0.402282549957,-0.065)) ;
#983=CARTESIAN_POINT('Line Origine',(-3.275,-0.28598261917,-0.065)) ;
#998=CARTESIAN_POINT('Line Origine',(-3.125,-0.225330003144,-0.412463804088)) ;
#1002=CARTESIAN_POINT('Vertex',(-1.375,-0.225330003144,-0.412463804088)) ;
#1005=CARTESIAN_POINT('Axis2P3D Location',(-1.375,0.,1.50133660619E-015)) ;
#1017=CARTESIAN_POINT('Line Origine',(-3.125,-0.065,-0.465483619475)) ;
#1021=CARTESIAN_POINT('Vertex',(-1.375,-0.065,-0.465483619475)) ;
#1024=CARTESIAN_POINT('Axis2P3D Location',(-1.375,0.,1.50133660619E-015)) ;
#1036=CARTESIAN_POINT('Axis2P3D Location',(-1.375,-0.065,-0.0703484266996)) ;
#1041=CARTESIAN_POINT('Line Origine',(-3.275,-0.065,-0.28598261917)) ;
#1045=CARTESIAN_POINT('Vertex',(-3.275,-0.065,-0.274920443038)) ;
#1047=CARTESIAN_POINT('Vertex',(-3.275,-0.065,-0.297044795302)) ;
#1050=CARTESIAN_POINT('Line Origine',(-2.3875,-0.065,-0.274920443038)) ;
#1054=CARTESIAN_POINT('Vertex',(-1.5,-0.065,-0.274920443038)) ;
#1058=CARTESIAN_POINT('Control Point',(-1.5,-0.065,-0.274920443038)) ;
#1059=CARTESIAN_POINT('Control Point',(-1.48279465816,-0.065,-0.292600136177)) ;
#1060=CARTESIAN_POINT('Control Point',(-1.46289795229,-0.065,-0.312970154903)) ;
#1061=CARTESIAN_POINT('Control Point',(-1.43940034476,-0.065,-0.336940181626)) ;
#1062=CARTESIAN_POINT('Control Point',(-1.41127997396,-0.065,-0.365532038678)) ;
#1063=CARTESIAN_POINT('Control Point',(-1.375,-0.065,-0.402282549957)) ;
#1064=CARTESIAN_POINT('Vertex',(-1.375,-0.065,-0.402282549957)) ;
#1067=CARTESIAN_POINT('Line Origine',(-1.375,-0.065,-0.433883084716)) ;
#1072=CARTESIAN_POINT('Line Origine',(-2.41320199966,-0.065,-0.297044795302)) ;
#1087=CARTESIAN_POINT('Line Origine',(-2.92132425308,0.065,-0.297044795302)) ;
#1091=CARTESIAN_POINT('Vertex',(-3.275,0.065,-0.297044795302)) ;
#1094=CARTESIAN_POINT('Axis2P3D Location',(-3.275,0.,0.)) ;
#1106=CARTESIAN_POINT('Axis2P3D Location',(-1.375,0.065,-0.574363470078)) ;
#1111=CARTESIAN_POINT('Line Origine',(-1.375,0.065,-0.433883084716)) ;
#1115=CARTESIAN_POINT('Vertex',(-1.375,0.065,-0.402282549957)) ;
#1119=CARTESIAN_POINT('Control Point',(-1.5,0.065,-0.274920443038)) ;
#1120=CARTESIAN_POINT('Control Point',(-1.48279465816,0.065,-0.292600136177)) ;
#1121=CARTESIAN_POINT('Control Point',(-1.46289795229,0.065,-0.312970154903)) ;
#1122=CARTESIAN_POINT('Control Point',(-1.43940034475,0.065,-0.33694018163)) ;
#1123=CARTESIAN_POINT('Control Point',(-1.41127997396,0.065,-0.365532038678)) ;
#1124=CARTESIAN_POINT('Control Point',(-1.375,0.065,-0.402282549957)) ;
#1125=CARTESIAN_POINT('Vertex',(-1.5,0.065,-0.274920443038)) ;
#1128=CARTESIAN_POINT('Line Origine',(-2.3875,0.065,-0.274920443038)) ;
#1132=CARTESIAN_POINT('Vertex',(-3.275,0.065,-0.274920443038)) ;
#1135=CARTESIAN_POINT('Line Origine',(-3.275,0.065,-0.28598261917)) ;
#1150=CARTESIAN_POINT('Axis2P3D Location',(-1.375,0.,1.49880108324E-015)) ;
#1162=CARTESIAN_POINT('Axis2P3D Location',(-3.275,0.,1.08212584586E-015)) ;
#1174=CARTESIAN_POINT('Axis2P3D Location',(-1.5,0.,1.47574978634E-015)) ;
#1179=CARTESIAN_POINT('Axis2P3D Location',(-4.275,0.,9.07722385595E-016)) ;
#1184=CARTESIAN_POINT('Axis2P3D Location',(-1.5,0.,1.47574978634E-015)) ;
#1189=CARTESIAN_POINT('Axis2P3D Location',(-3.275,0.,1.11241694442E-015)) ;
#1194=CARTESIAN_POINT('Axis2P3D Location',(-1.5,0.,1.47574978634E-015)) ;
#1235=CARTESIAN_POINT('Axis2P3D Location',(-1.375,0.,1.50133660619E-015)) ;
#1239=CARTESIAN_POINT('Vertex',(-1.375,-0.195365906981,-0.35761489397)) ;
#1242=CARTESIAN_POINT('Line Origine',(-1.4375,-0.165401810818,-0.302765983852)) ;
#1254=CARTESIAN_POINT('Axis2P3D Location',(-4.43810145105,0.,8.74336406028E-016)) ;
#1259=CARTESIAN_POINT('Axis2P3D Location',(-4.29124450684,0.,9.04397223434E-016)) ;
#1263=CARTESIAN_POINT('Vertex',(-4.29124450684,0.121948448512,0.223225137683)) ;
#1265=CARTESIAN_POINT('Vertex',(-4.29124450684,-0.121948448512,-0.223225137683)) ;
#1268=CARTESIAN_POINT('Line Origine',(-4.35655072552,0.0677188573278,0.123958536867)) ;
#1273=CARTESIAN_POINT('Line Origine',(-4.35655072552,-0.0677188573278,-0.123958536867)) ;
#1285=CARTESIAN_POINT('Axis2P3D Location',(-4.56,0.,0.)) ;
#1290=CARTESIAN_POINT('Axis2P3D Location',(-4.06,0.,0.)) ;
#1294=CARTESIAN_POINT('Vertex',(-4.06,-0.443468623209,-0.811763869749)) ;
#1296=CARTESIAN_POINT('Vertex',(-4.06,0.443468623209,0.811763869749)) ;
#1299=CARTESIAN_POINT('Line Origine',(-2.71,-0.443468623209,-0.811763869749)) ;
#1304=CARTESIAN_POINT('Line Origine',(-2.71,0.443468623209,0.811763869749)) ;
#1316=CARTESIAN_POINT('Axis2P3D Location',(-4.06,0.,0.)) ;
#1328=CARTESIAN_POINT('Axis2P3D Location',(-1.375,0.,1.49880108324E-015)) ;
#1356=CARTESIAN_POINT('Axis2P3D Location',(-4.29124450684,0.,9.04397223434E-016)) ;
#1368=CARTESIAN_POINT('Axis2P3D Location',(-4.29124450684,0.,0.)) ;
#1378=CARTESIAN_POINT('Axis2P3D Location',(-4.06,0.,-0.925)) ;
#1383=CARTESIAN_POINT('Axis2P3D Location',(-4.06,0.,0.)) ;
#1387=CARTESIAN_POINT('Vertex',(-4.06,-0.874951607953,1.60158817545)) ;
#1389=CARTESIAN_POINT('Vertex',(-4.06,0.874951607953,-1.60158817545)) ;
#1392=CARTESIAN_POINT('Axis2P3D Location',(-4.06,0.,0.)) ;
#1406=CARTESIAN_POINT('Axis2P3D Location',(-2.53,0.,0.)) ;
#1411=CARTESIAN_POINT('Line Origine',(-3.6475,0.874951607953,-1.60158817545)) ;
#1415=CARTESIAN_POINT('Vertex',(-3.235,0.874951607953,-1.60158817545)) ;
#1418=CARTESIAN_POINT('Axis2P3D Location',(-3.235,0.,0.)) ;
#1422=CARTESIAN_POINT('Vertex',(-3.235,-0.874951607953,1.60158817545)) ;
#1425=CARTESIAN_POINT('Line Origine',(-3.6475,-0.874951607953,1.60158817545)) ;
#1437=CARTESIAN_POINT('Axis2P3D Location',(-3.235,0.,0.)) ;
#1449=CARTESIAN_POINT('Axis2P3D Location',(-3.135,0.,0.)) ;
#1454=CARTESIAN_POINT('Line Origine',(-3.185,0.850980331022,-1.55770904736)) ;
#1458=CARTESIAN_POINT('Vertex',(-3.135,0.827009054092,-1.51382991926)) ;
#1461=CARTESIAN_POINT('Axis2P3D Location',(-3.135,0.,0.)) ;
#1465=CARTESIAN_POINT('Vertex',(-3.135,-0.827009054092,1.51382991926)) ;
#1468=CARTESIAN_POINT('Line Origine',(-3.185,-0.850980331022,1.55770904736)) ;
#1480=CARTESIAN_POINT('Axis2P3D Location',(-3.135,0.,0.)) ;
#1492=CARTESIAN_POINT('Axis2P3D Location',(-2.53,0.,0.)) ;
#1497=CARTESIAN_POINT('Line Origine',(-1.8079042742,0.827009054092,-1.51382991926)) ;
#1501=CARTESIAN_POINT('Vertex',(-0.480808548405,0.827009054092,-1.51382991926)) ;
#1504=CARTESIAN_POINT('Axis2P3D Location',(-0.480808548405,0.,0.)) ;
#1508=CARTESIAN_POINT('Vertex',(-0.480808548405,-0.827009054092,1.51382991926)) ;
#1511=CARTESIAN_POINT('Line Origine',(-1.8079042742,-0.827009054092,1.51382991926)) ;
#1523=CARTESIAN_POINT('Axis2P3D Location',(-0.480808548405,0.,0.)) ;
#1535=CARTESIAN_POINT('Axis2P3D Location',(-0.480808548405,0.,0.)) ;
#1540=CARTESIAN_POINT('Line Origine',(-0.240404274202,0.86895878872,-1.59061839343)) ;
#1544=CARTESIAN_POINT('Vertex',(-8.881784197E-016,0.910908523348,-1.66740686759)) ;
#1547=CARTESIAN_POINT('Axis2P3D Location',(-8.881784197E-016,0.,0.)) ;
#1551=CARTESIAN_POINT('Vertex',(-8.881784197E-016,-0.910908523348,1.66740686759)) ;
#1554=CARTESIAN_POINT('Line Origine',(-0.240404274202,-0.86895878872,1.59061839343)) ;
#1566=CARTESIAN_POINT('Axis2P3D Location',(-8.881784197E-016,0.,0.)) ;
#1578=CARTESIAN_POINT('Axis2P3D Location',(2.77555756156E-017,0.,-2.24625)) ;
#1583=CARTESIAN_POINT('Axis2P3D Location',(2.77555756156E-017,-2.45914399954E-013,-1.03916875105E-013)) ;
#1587=CARTESIAN_POINT('Vertex',(2.77555756156E-017,-1.00499566464,1.83963251128)) ;
#1589=CARTESIAN_POINT('Vertex',(2.77555756156E-017,1.0049957853,-1.83963244536)) ;
#1592=CARTESIAN_POINT('Axis2P3D Location',(2.77555756156E-017,-2.00728322852E-013,-1.27897692437E-013)) ;
#1606=CARTESIAN_POINT('Axis2P3D Location',(2.09625,-8.09998734752E-012,-4.07116285128E-012)) ;
#1611=CARTESIAN_POINT('Line Origine',(-0.0750000000019,-1.04095270069,1.9054511375)) ;
#1615=CARTESIAN_POINT('Vertex',(-0.15,-1.07690961609,1.97126982965)) ;
#1618=CARTESIAN_POINT('Axis2P3D Location',(-0.150000000001,2.88543862113E-024,4.44089211301E-016)) ;
#1622=CARTESIAN_POINT('Vertex',(-0.15,1.07690961609,-1.97126982965)) ;
#1625=CARTESIAN_POINT('Line Origine',(-0.0749999999997,1.04095270069,-1.9054511375)) ;
#1637=CARTESIAN_POINT('Axis2P3D Location',(2.09625,-1.3300471835E-014,-1.29674049276E-014)) ;
#1642=CARTESIAN_POINT('Axis2P3D Location',(-0.15,-2.68212707775E-029,3.33066907388E-016)) ;
#1654=CARTESIAN_POINT('Axis2P3D Location',(-2.53,0.,0.)) ;
#1659=CARTESIAN_POINT('Line Origine',(-2.43,1.07690961609,-1.97126982965)) ;
#1663=CARTESIAN_POINT('Vertex',(-3.74,1.07690961609,-1.97126982965)) ;
#1666=CARTESIAN_POINT('Line Origine',(-2.43,-1.07690961609,1.97126982965)) ;
#1670=CARTESIAN_POINT('Vertex',(-3.74,-1.07690961609,1.97126982965)) ;
#1673=CARTESIAN_POINT('Axis2P3D Location',(-3.74,0.,0.)) ;
#1685=CARTESIAN_POINT('Axis2P3D Location',(-3.74,0.,0.)) ;
#1697=CARTESIAN_POINT('Axis2P3D Location',(-5.98625,2.02229899493E-013,8.24666723798E-014)) ;
#1702=CARTESIAN_POINT('Line Origine',(-3.66,-1.11526365918,2.0414764346)) ;
#1706=CARTESIAN_POINT('Vertex',(-3.56,-1.16320621304,2.12923469079)) ;
#1709=CARTESIAN_POINT('Axis2P3D Location',(-3.56,-1.86517468137E-014,-7.77156117238E-015)) ;
#1713=CARTESIAN_POINT('Vertex',(-3.56,1.16319828327,-2.12922005746)) ;
#1716=CARTESIAN_POINT('Line Origine',(-3.66,1.11526370677,-2.0414764086)) ;
#1728=CARTESIAN_POINT('Axis2P3D Location',(-5.98625,4.49917880729E-015,-1.34683930675E-015)) ;
#1733=CARTESIAN_POINT('Axis2P3D Location',(-3.56,-8.881784197E-016,-7.88860905221E-031)) ;
#1745=CARTESIAN_POINT('Axis2P3D Location',(-3.56,0.,3.)) ;
#1751=CARTESIAN_POINT('Control Point',(-3.56,-1.63694838037,3.)) ;
#1752=CARTESIAN_POINT('Control Point',(-3.56,-1.85698207359,2.8940635889)) ;
#1753=CARTESIAN_POINT('Control Point',(-3.56,-2.0940819208,2.76623693373)) ;
#1754=CARTESIAN_POINT('Control Point',(-3.56,-2.35309626276,2.6120891145)) ;
#1755=CARTESIAN_POINT('Control Point',(-3.56,-2.64300199545,2.42393715839)) ;
#1756=CARTESIAN_POINT('Control Point',(-3.56,-2.98,2.18564358413)) ;
#1757=CARTESIAN_POINT('Vertex',(-3.56,-1.63694838037,3.)) ;
#1759=CARTESIAN_POINT('Vertex',(-3.56,-2.98,2.18564358413)) ;
#1762=CARTESIAN_POINT('Line Origine',(-3.56,-2.98,-0.407178207936)) ;
#1766=CARTESIAN_POINT('Vertex',(-3.56,-2.98,-3.)) ;
#1769=CARTESIAN_POINT('Line Origine',(-3.56,0.,-3.)) ;
#1773=CARTESIAN_POINT('Vertex',(-3.56,2.98,-3.)) ;
#1776=CARTESIAN_POINT('Line Origine',(-3.56,2.98,-0.407178207936)) ;
#1780=CARTESIAN_POINT('Vertex',(-3.56,2.98,2.18564358413)) ;
#1784=CARTESIAN_POINT('Control Point',(-3.56,1.63694838037,3.)) ;
#1785=CARTESIAN_POINT('Control Point',(-3.56,1.85698207358,2.8940635889)) ;
#1786=CARTESIAN_POINT('Control Point',(-3.56,2.09408192078,2.76623693375)) ;
#1787=CARTESIAN_POINT('Control Point',(-3.56,2.35309626278,2.61208911448)) ;
#1788=CARTESIAN_POINT('Control Point',(-3.56,2.64300199546,2.42393715839)) ;
#1789=CARTESIAN_POINT('Control Point',(-3.56,2.98,2.18564358413)) ;
#1790=CARTESIAN_POINT('Vertex',(-3.56,1.63694838037,3.)) ;
#1793=CARTESIAN_POINT('Line Origine',(-3.56,0.,3.)) ;
#1811=CARTESIAN_POINT('Axis2P3D Location',(-6.54,0.,3.)) ;
#1816=CARTESIAN_POINT('Axis2P3D Location',(-6.54,0.,3.)) ;
#1820=CARTESIAN_POINT('Vertex',(-4.90305161963,-2.98,3.)) ;
#1824=CARTESIAN_POINT('Control Point',(-4.90305161963,-2.98,3.)) ;
#1825=CARTESIAN_POINT('Control Point',(-4.62800950321,-2.98,2.86757948618)) ;
#1826=CARTESIAN_POINT('Control Point',(-4.32427543977,-2.97999661299,2.6982416942)) ;
#1827=CARTESIAN_POINT('Control Point',(-3.98124750552,-2.98,2.48351055184)) ;
#1828=CARTESIAN_POINT('Control Point',(-3.56,-2.98,2.18564358413)) ;
#1836=CARTESIAN_POINT('Axis2P3D Location',(-3.56,-2.98,0.)) ;
#1841=CARTESIAN_POINT('Line Origine',(-9.52,-2.98,-0.407178207936)) ;
#1845=CARTESIAN_POINT('Vertex',(-9.52,-2.98,-3.)) ;
#1847=CARTESIAN_POINT('Vertex',(-9.52,-2.98,2.18564358413)) ;
#1850=CARTESIAN_POINT('Line Origine',(-6.54,-2.98,-3.)) ;
#1855=CARTESIAN_POINT('Line Origine',(-6.54,-2.98,3.)) ;
#1859=CARTESIAN_POINT('Vertex',(-8.17694838037,-2.98,3.)) ;
#1863=CARTESIAN_POINT('Control Point',(-8.1769483804,-2.98,3.)) ;
#1864=CARTESIAN_POINT('Control Point',(-8.39698207366,-2.98,2.89406358888)) ;
#1865=CARTESIAN_POINT('Control Point',(-8.63408192093,-2.98,2.76623693366)) ;
#1866=CARTESIAN_POINT('Control Point',(-8.89309626265,-2.98,2.61208911457)) ;
#1867=CARTESIAN_POINT('Control Point',(-9.18300199538,-2.98,2.42393715844)) ;
#1868=CARTESIAN_POINT('Control Point',(-9.52,-2.98,2.18564358413)) ;
#1879=CARTESIAN_POINT('Axis2P3D Location',(-9.52,0.,-3.)) ;
#1884=CARTESIAN_POINT('Line Origine',(-9.52,0.,-3.)) ;
#1888=CARTESIAN_POINT('Vertex',(-9.52,2.98,-3.)) ;
#1891=CARTESIAN_POINT('Line Origine',(-6.54,2.98,-3.)) ;
#1902=CARTESIAN_POINT('Line Origine',(-7.56,1.27,-3.)) ;
#1906=CARTESIAN_POINT('Vertex',(-7.56,1.52,-3.)) ;
#1908=CARTESIAN_POINT('Vertex',(-7.56,1.02,-3.)) ;
#1911=CARTESIAN_POINT('Line Origine',(-7.81,1.52,-3.)) ;
#1915=CARTESIAN_POINT('Vertex',(-8.06,1.52,-3.)) ;
#1918=CARTESIAN_POINT('Line Origine',(-8.06,1.27,-3.)) ;
#1922=CARTESIAN_POINT('Vertex',(-8.06,1.02,-3.)) ;
#1925=CARTESIAN_POINT('Line Origine',(-7.81,1.02,-3.)) ;
#1936=CARTESIAN_POINT('Line Origine',(-7.56,-1.27,-3.)) ;
#1940=CARTESIAN_POINT('Vertex',(-7.56,-1.02,-3.)) ;
#1942=CARTESIAN_POINT('Vertex',(-7.56,-1.52,-3.)) ;
#1945=CARTESIAN_POINT('Line Origine',(-7.81,-1.02,-3.)) ;
#1949=CARTESIAN_POINT('Vertex',(-8.06,-1.02,-3.)) ;
#1952=CARTESIAN_POINT('Line Origine',(-8.06,-1.27,-3.)) ;
#1956=CARTESIAN_POINT('Vertex',(-8.06,-1.52,-3.)) ;
#1959=CARTESIAN_POINT('Line Origine',(-7.81,-1.52,-3.)) ;
#1970=CARTESIAN_POINT('Axis2P3D Location',(-6.54,0.,-3.)) ;
#1974=CARTESIAN_POINT('Vertex',(-5.66899930732,0.475829847065,-3.)) ;
#1976=CARTESIAN_POINT('Vertex',(-7.41100069268,-0.475829847065,-3.)) ;
#1979=CARTESIAN_POINT('Axis2P3D Location',(-6.54,0.,-3.)) ;
#1988=CARTESIAN_POINT('Line Origine',(-5.02,1.27,-3.)) ;
#1992=CARTESIAN_POINT('Vertex',(-5.02,1.52,-3.)) ;
#1994=CARTESIAN_POINT('Vertex',(-5.02,1.02,-3.)) ;
#1997=CARTESIAN_POINT('Line Origine',(-5.27,1.52,-3.)) ;
#2001=CARTESIAN_POINT('Vertex',(-5.52,1.52,-3.)) ;
#2004=CARTESIAN_POINT('Line Origine',(-5.52,1.27,-3.)) ;
#2008=CARTESIAN_POINT('Vertex',(-5.52,1.02,-3.)) ;
#2011=CARTESIAN_POINT('Line Origine',(-5.27,1.02,-3.)) ;
#2022=CARTESIAN_POINT('Line Origine',(-5.02,-1.27,-3.)) ;
#2026=CARTESIAN_POINT('Vertex',(-5.02,-1.02,-3.)) ;
#2028=CARTESIAN_POINT('Vertex',(-5.02,-1.52,-3.)) ;
#2031=CARTESIAN_POINT('Line Origine',(-5.27,-1.02,-3.)) ;
#2035=CARTESIAN_POINT('Vertex',(-5.52,-1.02,-3.)) ;
#2038=CARTESIAN_POINT('Line Origine',(-5.52,-1.27,-3.)) ;
#2042=CARTESIAN_POINT('Vertex',(-5.52,-1.52,-3.)) ;
#2045=CARTESIAN_POINT('Line Origine',(-5.27,-1.52,-3.)) ;
#2057=CARTESIAN_POINT('Axis2P3D Location',(-3.56,2.98,0.)) ;
#2063=CARTESIAN_POINT('Control Point',(-8.1769483804,2.98,3.)) ;
#2064=CARTESIAN_POINT('Control Point',(-8.39698207364,2.98,2.89406358889)) ;
#2065=CARTESIAN_POINT('Control Point',(-8.63408192087,2.98,2.7662369337)) ;
#2066=CARTESIAN_POINT('Control Point',(-8.8930962627,2.98,2.61208911453)) ;
#2067=CARTESIAN_POINT('Control Point',(-9.18300199541,2.98,2.42393715842)) ;
#2068=CARTESIAN_POINT('Control Point',(-9.52,2.98,2.18564358413)) ;
#2069=CARTESIAN_POINT('Vertex',(-8.17694838037,2.98,3.)) ;
#2071=CARTESIAN_POINT('Vertex',(-9.52,2.98,2.18564358413)) ;
#2074=CARTESIAN_POINT('Line Origine',(-6.54,2.98,3.)) ;
#2078=CARTESIAN_POINT('Vertex',(-4.90305161963,2.98,3.)) ;
#2082=CARTESIAN_POINT('Control Point',(-4.90305161964,2.98,3.)) ;
#2083=CARTESIAN_POINT('Control Point',(-4.68301792644,2.98,2.89406358891)) ;
#2084=CARTESIAN_POINT('Control Point',(-4.44591807927,2.98,2.76623693377)) ;
#2085=CARTESIAN_POINT('Control Point',(-4.18690373718,2.98,2.61208911446)) ;
#2086=CARTESIAN_POINT('Control Point',(-3.89699800452,2.98,2.42393715837)) ;
#2087=CARTESIAN_POINT('Control Point',(-3.56,2.98,2.18564358413)) ;
#2089=CARTESIAN_POINT('Line Origine',(-9.52,2.98,-0.407178207936)) ;
#2103=CARTESIAN_POINT('Axis2P3D Location',(-6.54,0.,3.)) ;
#2114=CARTESIAN_POINT('Axis2P3D Location',(-3.56,0.,3.)) ;
#2119=CARTESIAN_POINT('Axis2P3D Location',(-6.54,0.,3.)) ;
#2123=CARTESIAN_POINT('Vertex',(-9.52,1.63694838037,3.)) ;
#2126=CARTESIAN_POINT('Line Origine',(-9.52,2.22044604925E-016,3.)) ;
#2130=CARTESIAN_POINT('Vertex',(-9.52,-1.63694838037,3.)) ;
#2133=CARTESIAN_POINT('Axis2P3D Location',(-6.54,0.,3.)) ;
#2150=CARTESIAN_POINT('Control Point',(-9.52,-1.63694838037,3.)) ;
#2151=CARTESIAN_POINT('Control Point',(-9.52,-1.91199049687,2.86757948613)) ;
#2152=CARTESIAN_POINT('Control Point',(-9.51999661299,-2.21572456026,2.69824169417)) ;
#2153=CARTESIAN_POINT('Control Point',(-9.52,-2.55875249434,2.48351055194)) ;
#2154=CARTESIAN_POINT('Control Point',(-9.52,-2.98,2.18564358413)) ;
#2162=CARTESIAN_POINT('Axis2P3D Location',(-9.52,0.,-3.)) ;
#2168=CARTESIAN_POINT('Control Point',(-9.52,1.63694838037,3.)) ;
#2169=CARTESIAN_POINT('Control Point',(-9.52,1.85698207359,2.8940635889)) ;
#2170=CARTESIAN_POINT('Control Point',(-9.52,2.09408192079,2.76623693372)) ;
#2171=CARTESIAN_POINT('Control Point',(-9.52,2.35309626276,2.61208911451)) ;
#2172=CARTESIAN_POINT('Control Point',(-9.52,2.64300199545,2.42393715839)) ;
#2173=CARTESIAN_POINT('Control Point',(-9.52,2.98,2.18564358413)) ;
#2184=CARTESIAN_POINT('Axis2P3D Location',(-7.56,-1.02,-3.)) ;
#2189=CARTESIAN_POINT('Line Origine',(-7.56,1.52,-4.5)) ;
#2193=CARTESIAN_POINT('Vertex',(-7.56,1.52,-6.)) ;
#2196=CARTESIAN_POINT('Line Origine',(-7.56,1.02,-4.5)) ;
#2200=CARTESIAN_POINT('Vertex',(-7.56,1.02,-6.)) ;
#2203=CARTESIAN_POINT('Line Origine',(-7.56,1.27,-6.)) ;
#2215=CARTESIAN_POINT('Axis2P3D Location',(-7.56,1.52,-3.)) ;
#2220=CARTESIAN_POINT('Line Origine',(-8.06,1.52,-4.5)) ;
#2224=CARTESIAN_POINT('Vertex',(-8.06,1.52,-6.)) ;
#2227=CARTESIAN_POINT('Line Origine',(-7.81,1.52,-6.)) ;
#2239=CARTESIAN_POINT('Axis2P3D Location',(-8.06,-1.52,-3.)) ;
#2244=CARTESIAN_POINT('Line Origine',(-8.06,1.02,-4.5)) ;
#2248=CARTESIAN_POINT('Vertex',(-8.06,1.02,-6.)) ;
#2251=CARTESIAN_POINT('Line Origine',(-8.06,1.27,-6.)) ;
#2263=CARTESIAN_POINT('Axis2P3D Location',(-8.06,1.02,-3.)) ;
#2268=CARTESIAN_POINT('Line Origine',(-7.81,1.02,-6.)) ;
#2280=CARTESIAN_POINT('Line Origine',(-7.56,-1.02,-4.5)) ;
#2284=CARTESIAN_POINT('Vertex',(-7.56,-1.02,-6.)) ;
#2287=CARTESIAN_POINT('Line Origine',(-7.56,-1.52,-4.5)) ;
#2291=CARTESIAN_POINT('Vertex',(-7.56,-1.52,-6.)) ;
#2294=CARTESIAN_POINT('Line Origine',(-7.56,-1.27,-6.)) ;
#2306=CARTESIAN_POINT('Axis2P3D Location',(-7.56,-1.02,-3.)) ;
#2311=CARTESIAN_POINT('Line Origine',(-8.06,-1.02,-4.5)) ;
#2315=CARTESIAN_POINT('Vertex',(-8.06,-1.02,-6.)) ;
#2318=CARTESIAN_POINT('Line Origine',(-7.81,-1.02,-6.)) ;
#2330=CARTESIAN_POINT('Line Origine',(-8.06,-1.52,-4.5)) ;
#2334=CARTESIAN_POINT('Vertex',(-8.06,-1.52,-6.)) ;
#2337=CARTESIAN_POINT('Line Origine',(-8.06,-1.27,-6.)) ;
#2349=CARTESIAN_POINT('Axis2P3D Location',(-8.06,-1.52,-3.)) ;
#2354=CARTESIAN_POINT('Line Origine',(-7.81,-1.52,-6.)) ;
#2366=CARTESIAN_POINT('Axis2P3D Location',(-6.54,0.,-1.5)) ;
#2371=CARTESIAN_POINT('Line Origine',(-7.41100069268,-0.475829847065,-1.5)) ;
#2376=CARTESIAN_POINT('Line Origine',(-5.66899930732,0.475829847065,-1.5)) ;
#2395=CARTESIAN_POINT('Axis2P3D Location',(-5.02,1.52,-3.)) ;
#2400=CARTESIAN_POINT('Line Origine',(-5.02,1.52,-4.5)) ;
#2404=CARTESIAN_POINT('Vertex',(-5.02,1.52,-6.)) ;
#2407=CARTESIAN_POINT('Line Origine',(-5.02,1.02,-4.5)) ;
#2411=CARTESIAN_POINT('Vertex',(-5.02,1.02,-6.)) ;
#2414=CARTESIAN_POINT('Line Origine',(-5.02,1.27,-6.)) ;
#2426=CARTESIAN_POINT('Axis2P3D Location',(-5.02,1.52,-3.)) ;
#2431=CARTESIAN_POINT('Line Origine',(-5.52,1.52,-4.5)) ;
#2435=CARTESIAN_POINT('Vertex',(-5.52,1.52,-6.)) ;
#2438=CARTESIAN_POINT('Line Origine',(-5.27,1.52,-6.)) ;
#2450=CARTESIAN_POINT('Axis2P3D Location',(-5.52,1.02,-3.)) ;
#2455=CARTESIAN_POINT('Line Origine',(-5.52,1.02,-4.5)) ;
#2459=CARTESIAN_POINT('Vertex',(-5.52,1.02,-6.)) ;
#2462=CARTESIAN_POINT('Line Origine',(-5.52,1.27,-6.)) ;
#2474=CARTESIAN_POINT('Axis2P3D Location',(-5.52,1.02,-3.)) ;
#2479=CARTESIAN_POINT('Line Origine',(-5.27,1.02,-6.)) ;
#2491=CARTESIAN_POINT('Axis2P3D Location',(-5.02,-1.02,-3.)) ;
#2496=CARTESIAN_POINT('Line Origine',(-5.02,-1.02,-4.5)) ;
#2500=CARTESIAN_POINT('Vertex',(-5.02,-1.02,-6.)) ;
#2503=CARTESIAN_POINT('Line Origine',(-5.02,-1.52,-4.5)) ;
#2507=CARTESIAN_POINT('Vertex',(-5.02,-1.52,-6.)) ;
#2510=CARTESIAN_POINT('Line Origine',(-5.02,-1.27,-6.)) ;
#2522=CARTESIAN_POINT('Line Origine',(-5.52,-1.02,-4.5)) ;
#2526=CARTESIAN_POINT('Vertex',(-5.52,-1.02,-6.)) ;
#2529=CARTESIAN_POINT('Line Origine',(-5.27,-1.02,-6.)) ;
#2541=CARTESIAN_POINT('Axis2P3D Location',(-5.52,-1.52,-3.)) ;
#2546=CARTESIAN_POINT('Line Origine',(-5.52,-1.52,-4.5)) ;
#2550=CARTESIAN_POINT('Vertex',(-5.52,-1.52,-6.)) ;
#2553=CARTESIAN_POINT('Line Origine',(-5.52,-1.27,-6.)) ;
#2565=CARTESIAN_POINT('Line Origine',(-5.27,-1.52,-6.)) ;
#2583=CARTESIAN_POINT('Axis2P3D Location',(-3.56,0.,-6.)) ;
#2616=CARTESIAN_POINT('Axis2P3D Location',(-6.8425,0.,-6.)) ;
#2621=CARTESIAN_POINT('Axis2P3D Location',(-6.54,0.,-6.)) ;
#2625=CARTESIAN_POINT('Vertex',(-6.27453127503,0.145026225428,-6.)) ;
#2627=CARTESIAN_POINT('Vertex',(-6.80546872497,-0.145026225428,-6.)) ;
#2630=CARTESIAN_POINT('Axis2P3D Location',(-6.54,0.,-6.)) ;
#2640=CARTESIAN_POINT('Axis2P3D Location',(-6.54,0.,-3.45125)) ;
#2645=CARTESIAN_POINT('Line Origine',(-6.80546872497,-0.145026225428,-3.45125)) ;
#2649=CARTESIAN_POINT('Vertex',(-6.80546872497,-0.145026225428,-3.)) ;
#2652=CARTESIAN_POINT('Line Origine',(-6.27453127503,0.145026225428,-3.45125)) ;
#2656=CARTESIAN_POINT('Vertex',(-6.27453127503,0.145026225428,-3.)) ;
#2659=CARTESIAN_POINT('Axis2P3D Location',(-6.54,0.,-3.)) ;
#2671=CARTESIAN_POINT('Axis2P3D Location',(-6.54,0.,-3.)) ;
#2683=CARTESIAN_POINT('Axis2P3D Location',(-6.24,0.,-3.)) ;
#2688=CARTESIAN_POINT('Axis2P3D Location',(-6.54,0.,-3.)) ;
#2692=CARTESIAN_POINT('Vertex',(-5.76114547632,0.425490165511,-3.)) ;
#2694=CARTESIAN_POINT('Vertex',(-7.31885452368,-0.425490165511,-3.)) ;
#2697=CARTESIAN_POINT('Axis2P3D Location',(-6.54,0.,-3.)) ;
#2711=CARTESIAN_POINT('Axis2P3D Location',(-6.54,0.,-2.275)) ;
#2716=CARTESIAN_POINT('Line Origine',(-5.76114547632,0.425490165511,-2.275)) ;
#2721=CARTESIAN_POINT('Line Origine',(-7.31885452368,-0.425490165511,-2.275)) ;
#53=DIRECTION('Axis2P3D Direction',(0.,0.,-1.)) ;
#54=DIRECTION('Axis2P3D XDirection',(1.,0.,0.)) ;
#58=DIRECTION('Axis2P3D Direction',(0.,0.,-1.)) ;
#67=DIRECTION('Axis2P3D Direction',(0.,0.,-1.)) ;
#76=DIRECTION('Axis2P3D Direction',(0.,0.,-1.)) ;
#85=DIRECTION('Axis2P3D Direction',(0.,0.,-1.)) ;
#95=DIRECTION('Axis2P3D Direction',(1.,0.,0.)) ;
#96=DIRECTION('Axis2P3D XDirection',(0.,-0.479425538604,0.87758256189)) ;
#100=DIRECTION('Vector Direction',(1.,0.,0.)) ;
#109=DIRECTION('Axis2P3D Direction',(1.,0.,0.)) ;
#116=DIRECTION('Vector Direction',(1.,0.,0.)) ;
#123=DIRECTION('Axis2P3D Direction',(1.,0.,0.)) ;
#135=DIRECTION('Axis2P3D Direction',(1.,0.,0.)) ;
#136=DIRECTION('Axis2P3D XDirection',(0.,-0.479425538604,0.87758256189)) ;
#140=DIRECTION('Axis2P3D Direction',(1.,0.,0.)) ;
#149=DIRECTION('Vector Direction',(0.581351485888,-0.390085805461,0.71404727731)) ;
#156=DIRECTION('Axis2P3D Direction',(1.,0.,0.)) ;
#179=DIRECTION('Axis2P3D Direction',(1.,0.,0.)) ;
#186=DIRECTION('Axis2P3D Direction',(1.,0.,0.)) ;
#202=DIRECTION('Axis2P3D Direction',(1.,0.,0.)) ;
#218=DIRECTION('Axis2P3D Direction',(1.,0.,0.)) ;
#225=DIRECTION('Vector Direction',(0.581351485888,0.390085805461,-0.71404727731)) ;
#232=DIRECTION('Axis2P3D Direction',(1.,0.,0.)) ;
#254=DIRECTION('Axis2P3D Direction',(0.,-1.,0.)) ;
#255=DIRECTION('Axis2P3D XDirection',(-2.04694558828E-016,0.,1.)) ;
#259=DIRECTION('Vector Direction',(0.,0.,1.)) ;
#266=DIRECTION('Vector Direction',(-1.,0.,-2.18917216123E-016)) ;
#283=DIRECTION('Vector Direction',(0.,0.,1.)) ;
#290=DIRECTION('Vector Direction',(-1.,0.,0.)) ;
#305=DIRECTION('Axis2P3D Direction',(1.,0.,2.04694558828E-016)) ;
#306=DIRECTION('Axis2P3D XDirection',(0.,1.,0.)) ;
#310=DIRECTION('Vector Direction',(0.,0.,-1.)) ;
#317=DIRECTION('Axis2P3D Direction',(1.,0.,2.04694558828E-016)) ;
#329=DIRECTION('Axis2P3D Direction',(0.,1.,0.)) ;
#330=DIRECTION('Axis2P3D XDirection',(2.04694558828E-016,0.,-1.)) ;
#334=DIRECTION('Vector Direction',(-1.,0.,-9.59569124929E-016)) ;
#341=DIRECTION('Vector Direction',(0.,0.,-1.)) ;
#358=DIRECTION('Vector Direction',(-1.,0.,-2.18917216123E-016)) ;
#373=DIRECTION('Axis2P3D Direction',(-1.,0.,0.)) ;
#374=DIRECTION('Axis2P3D XDirection',(0.,-0.479425538604,-0.87758256189)) ;
#378=DIRECTION('Vector Direction',(-1.,0.,0.)) ;
#387=DIRECTION('Axis2P3D Direction',(-1.,0.,0.)) ;
#394=DIRECTION('Vector Direction',(-1.,0.,0.)) ;
#399=DIRECTION('Axis2P3D Direction',(-1.,0.,0.)) ;
#412=DIRECTION('Axis2P3D Direction',(1.,0.,0.)) ;
#417=DIRECTION('Axis2P3D Direction',(1.,0.,0.)) ;
#433=DIRECTION('Axis2P3D Direction',(1.,0.,0.)) ;
#449=DIRECTION('Axis2P3D Direction',(1.,0.,0.)) ;
#456=DIRECTION('Axis2P3D Direction',(1.,0.,0.)) ;
#472=DIRECTION('Axis2P3D Direction',(1.,0.,0.)) ;
#488=DIRECTION('Axis2P3D Direction',(1.,0.,0.)) ;
#510=DIRECTION('Axis2P3D Direction',(-1.,0.,-2.04694558828E-016)) ;
#511=DIRECTION('Axis2P3D XDirection',(-1.79636375341E-016,0.479425538604,0.87758256189)) ;
#515=DIRECTION('Vector Direction',(-1.,0.,-2.06184276002E-016)) ;
#522=DIRECTION('Axis2P3D Direction',(-1.,0.,-2.04694558828E-016)) ;
#529=DIRECTION('Vector Direction',(-1.,0.,-2.06184276002E-016)) ;
#542=DIRECTION('Axis2P3D Direction',(-2.04694558828E-016,-6.12303176911E-017,1.)) ;
#543=DIRECTION('Axis2P3D XDirection',(-2.46519032882E-032,1.,6.12303176911E-017)) ;
#547=DIRECTION('Vector Direction',(0.,1.,0.)) ;
#556=DIRECTION('Vector Direction',(1.,0.,2.03280272114E-016)) ;
#573=DIRECTION('Vector Direction',(0.,1.,2.19581534198E-016)) ;
#578=DIRECTION('Vector Direction',(1.,0.,2.01291192983E-016)) ;
#593=DIRECTION('Vector Direction',(1.,0.,0.)) ;
#600=DIRECTION('Axis2P3D Direction',(1.,0.,0.)) ;
#612=DIRECTION('Axis2P3D Direction',(2.04694558828E-016,6.12303176911E-017,-1.)) ;
#613=DIRECTION('Axis2P3D XDirection',(2.46519032882E-032,-1.,-6.12303176911E-017)) ;
#617=DIRECTION('Vector Direction',(-1.,0.,-2.39892281232E-016)) ;
#624=DIRECTION('Vector Direction',(0.,-1.,-2.19581534198E-016)) ;
#641=DIRECTION('Vector Direction',(1.,0.,2.03280272114E-016)) ;
#648=DIRECTION('Vector Direction',(0.,-1.,0.)) ;
#663=DIRECTION('Vector Direction',(-1.,0.,-2.06184276002E-016)) ;
#670=DIRECTION('Axis2P3D Direction',(-1.,0.,-2.04694558828E-016)) ;
#682=DIRECTION('Axis2P3D Direction',(-1.,0.,-2.04694558828E-016)) ;
#694=DIRECTION('Vector Direction',(-1.,0.,-2.06184276002E-016)) ;
#701=DIRECTION('Axis2P3D Direction',(-1.,0.,-2.04694558828E-016)) ;
#714=DIRECTION('Axis2P3D Direction',(-1.,0.,0.)) ;
#727=DIRECTION('Axis2P3D Direction',(-1.,0.,-2.04694558828E-016)) ;
#728=DIRECTION('Axis2P3D XDirection',(-1.79636375341E-016,0.479425538604,0.87758256189)) ;
#732=DIRECTION('Vector Direction',(-1.,0.,-2.05041189233E-016)) ;
#741=DIRECTION('Axis2P3D Direction',(-1.,0.,-2.04694558828E-016)) ;
#748=DIRECTION('Vector Direction',(-1.,0.,-2.05041189233E-016)) ;
#755=DIRECTION('Axis2P3D Direction',(-1.,0.,-2.04694558828E-016)) ;
#762=DIRECTION('Vector Direction',(-1.,0.,-2.00040184617E-016)) ;
#769=DIRECTION('Axis2P3D Direction',(-1.,0.,-2.04694558828E-016)) ;
#776=DIRECTION('Vector Direction',(-1.,0.,-2.00040184617E-016)) ;
#783=DIRECTION('Axis2P3D Direction',(-1.,0.,-2.04694558828E-016)) ;
#788=DIRECTION('Axis2P3D Direction',(-1.,0.,-2.04694558828E-016)) ;
#808=DIRECTION('Axis2P3D Direction',(1.,0.,2.04694558828E-016)) ;
#809=DIRECTION('Axis2P3D XDirection',(-1.31708896335E-016,0.479425538604,0.87758256189)) ;
#813=DIRECTION('Vector Direction',(0.707106781187,0.339005049421,0.620544580564)) ;
#820=DIRECTION('Axis2P3D Direction',(1.,0.,2.04694558828E-016)) ;
#832=DIRECTION('Axis2P3D Direction',(-1.,0.,-2.04694558828E-016)) ;
#833=DIRECTION('Axis2P3D XDirection',(0.,1.,0.)) ;
#837=DIRECTION('Axis2P3D Direction',(-1.,0.,-2.04694558828E-016)) ;
#851=DIRECTION('Vector Direction',(0.,-1.,-8.78326136793E-016)) ;
#858=DIRECTION('Axis2P3D Direction',(-1.,0.,-2.04694558828E-016)) ;
#883=DIRECTION('Axis2P3D Direction',(-1.,0.,0.)) ;
#884=DIRECTION('Axis2P3D XDirection',(0.,-1.,0.)) ;
#888=DIRECTION('Axis2P3D Direction',(-1.,0.,0.)) ;
#897=DIRECTION('Axis2P3D Direction',(-1.,0.,0.)) ;
#911=DIRECTION('Axis2P3D Direction',(2.04694558828E-016,1.83690953073E-016,-1.)) ;
#912=DIRECTION('Axis2P3D XDirection',(4.93038065763E-032,-1.,-1.83690953073E-016)) ;
#916=DIRECTION('Vector Direction',(0.,-1.,0.)) ;
#923=DIRECTION('Vector Direction',(1.,0.,2.01291192983E-016)) ;
#938=DIRECTION('Vector Direction',(1.,0.,0.)) ;
#945=DIRECTION('Axis2P3D Direction',(1.,0.,0.)) ;
#957=DIRECTION('Axis2P3D Direction',(-2.04694558828E-016,-1.83690953073E-016,1.)) ;
#958=DIRECTION('Axis2P3D XDirection',(-4.93038065763E-032,1.,1.83690953073E-016)) ;
#962=DIRECTION('Vector Direction',(-1.,0.,0.)) ;
#969=DIRECTION('Vector Direction',(0.,1.,2.19581534198E-016)) ;
#984=DIRECTION('Vector Direction',(0.,1.,0.)) ;
#999=DIRECTION('Vector Direction',(-1.,0.,-2.06184276002E-016)) ;
#1006=DIRECTION('Axis2P3D Direction',(-1.,0.,-2.04694558828E-016)) ;
#1018=DIRECTION('Vector Direction',(-1.,0.,-2.06184276002E-016)) ;
#1025=DIRECTION('Axis2P3D Direction',(-1.,0.,-2.04694558828E-016)) ;
#1037=DIRECTION('Axis2P3D Direction',(-2.50670257333E-032,1.,1.22460635382E-016)) ;
#1038=DIRECTION('Axis2P3D XDirection',(2.04694558828E-016,1.22460635382E-016,-1.)) ;
#1042=DIRECTION('Vector Direction',(0.,0.,-1.)) ;
#1051=DIRECTION('Vector Direction',(1.,0.,2.18917216123E-016)) ;
#1068=DIRECTION('Vector Direction',(0.,0.,-1.)) ;
#1073=DIRECTION('Vector Direction',(1.,0.,2.25446136141E-016)) ;
#1088=DIRECTION('Vector Direction',(1.,0.,0.)) ;
#1095=DIRECTION('Axis2P3D Direction',(1.,0.,0.)) ;
#1107=DIRECTION('Axis2P3D Direction',(2.50670257333E-032,-1.,-1.22460635382E-016)) ;
#1108=DIRECTION('Axis2P3D XDirection',(-2.04694558828E-016,-1.22460635382E-016,1.)) ;
#1112=DIRECTION('Vector Direction',(0.,-2.19581534198E-016,1.)) ;
#1129=DIRECTION('Vector Direction',(1.,0.,2.18917216123E-016)) ;
#1136=DIRECTION('Vector Direction',(0.,-6.27263010546E-016,1.)) ;
#1151=DIRECTION('Axis2P3D Direction',(-1.,0.,-2.04694558828E-016)) ;
#1163=DIRECTION('Axis2P3D Direction',(1.,0.,2.04694558828E-016)) ;
#1175=DIRECTION('Axis2P3D Direction',(-1.,0.,-2.04694558828E-016)) ;
#1180=DIRECTION('Axis2P3D Direction',(-1.,0.,-2.04694558828E-016)) ;
#1185=DIRECTION('Axis2P3D Direction',(-1.,0.,-2.04694558828E-016)) ;
#1190=DIRECTION('Axis2P3D Direction',(-1.,0.,-2.04694558828E-016)) ;
#1195=DIRECTION('Axis2P3D Direction',(-1.,0.,-2.04694558828E-016)) ;
#1236=DIRECTION('Axis2P3D Direction',(1.,0.,2.04694558828E-016)) ;
#1243=DIRECTION('Vector Direction',(0.707106781187,-0.339005049421,-0.620544580564)) ;
#1255=DIRECTION('Axis2P3D Direction',(1.,0.,2.04694558828E-016)) ;
#1256=DIRECTION('Axis2P3D XDirection',(-2.15079735663E-016,0.479425538604,0.87758256189)) ;
#1260=DIRECTION('Axis2P3D Direction',(1.,0.,2.04694558828E-016)) ;
#1269=DIRECTION('Vector Direction',(0.5,0.415194695654,0.760008792515)) ;
#1274=DIRECTION('Vector Direction',(0.5,-0.415194695654,-0.760008792515)) ;
#1286=DIRECTION('Axis2P3D Direction',(-1.,0.,0.)) ;
#1287=DIRECTION('Axis2P3D XDirection',(0.,-0.479425538604,-0.87758256189)) ;
#1291=DIRECTION('Axis2P3D Direction',(-1.,0.,0.)) ;
#1300=DIRECTION('Vector Direction',(-1.,0.,0.)) ;
#1305=DIRECTION('Vector Direction',(-1.,0.,0.)) ;
#1317=DIRECTION('Axis2P3D Direction',(-1.,0.,0.)) ;
#1329=DIRECTION('Axis2P3D Direction',(-1.,0.,-2.04694558828E-016)) ;
#1357=DIRECTION('Axis2P3D Direction',(1.,0.,2.04694558828E-016)) ;
#1369=DIRECTION('Axis2P3D Direction',(1.,0.,0.)) ;
#1370=DIRECTION('Axis2P3D XDirection',(0.,1.,0.)) ;
#1379=DIRECTION('Axis2P3D Direction',(-1.,0.,0.)) ;
#1380=DIRECTION('Axis2P3D XDirection',(0.,-1.,0.)) ;
#1384=DIRECTION('Axis2P3D Direction',(-1.,0.,0.)) ;
#1393=DIRECTION('Axis2P3D Direction',(-1.,0.,0.)) ;
#1407=DIRECTION('Axis2P3D Direction',(1.,0.,0.)) ;
#1408=DIRECTION('Axis2P3D XDirection',(0.,0.479425538604,-0.87758256189)) ;
#1412=DIRECTION('Vector Direction',(1.,0.,0.)) ;
#1419=DIRECTION('Axis2P3D Direction',(1.,0.,0.)) ;
#1426=DIRECTION('Vector Direction',(1.,0.,0.)) ;
#1438=DIRECTION('Axis2P3D Direction',(1.,0.,0.)) ;
#1450=DIRECTION('Axis2P3D Direction',(-1.,0.,0.)) ;
#1451=DIRECTION('Axis2P3D XDirection',(0.,0.479425538604,-0.87758256189)) ;
#1455=DIRECTION('Vector Direction',(-0.707106781187,0.339005049421,-0.620544580564)) ;
#1462=DIRECTION('Axis2P3D Direction',(-1.,0.,0.)) ;
#1469=DIRECTION('Vector Direction',(-0.707106781187,-0.339005049421,0.620544580564)) ;
#1481=DIRECTION('Axis2P3D Direction',(-1.,0.,0.)) ;
#1493=DIRECTION('Axis2P3D Direction',(1.,0.,0.)) ;
#1494=DIRECTION('Axis2P3D XDirection',(0.,0.479425538604,-0.87758256189)) ;
#1498=DIRECTION('Vector Direction',(1.,0.,0.)) ;
#1505=DIRECTION('Axis2P3D Direction',(1.,0.,0.)) ;
#1512=DIRECTION('Vector Direction',(1.,0.,0.)) ;
#1524=DIRECTION('Axis2P3D Direction',(1.,0.,0.)) ;
#1536=DIRECTION('Axis2P3D Direction',(1.,0.,0.)) ;
#1537=DIRECTION('Axis2P3D XDirection',(0.,0.479425538604,-0.87758256189)) ;
#1541=DIRECTION('Vector Direction',(0.939692620786,0.163973191427,-0.300150913598)) ;
#1548=DIRECTION('Axis2P3D Direction',(1.,0.,0.)) ;
#1555=DIRECTION('Vector Direction',(0.939692620786,-0.163973191427,0.300150913598)) ;
#1567=DIRECTION('Axis2P3D Direction',(1.,0.,0.)) ;
#1579=DIRECTION('Axis2P3D Direction',(1.,0.,0.)) ;
#1580=DIRECTION('Axis2P3D XDirection',(0.,1.,0.)) ;
#1584=DIRECTION('Axis2P3D Direction',(1.,0.,0.)) ;
#1593=DIRECTION('Axis2P3D Direction',(1.,0.,0.)) ;
#1607=DIRECTION('Axis2P3D Direction',(-1.,3.60600438398E-012,1.81262412487E-012)) ;
#1608=DIRECTION('Axis2P3D XDirection',(3.56667705523E-013,-0.368408390472,0.929664056436)) ;
#1612=DIRECTION('Vector Direction',(-0.707106781187,-0.339005049418,0.620544580565)) ;
#1619=DIRECTION('Axis2P3D Direction',(1.,-3.73739695114E-012,-1.48106015909E-012)) ;
#1626=DIRECTION('Vector Direction',(-0.707106781186,0.339005049424,-0.620544580563)) ;
#1638=DIRECTION('Axis2P3D Direction',(-1.,5.92118946467E-015,5.92118946467E-015)) ;
#1639=DIRECTION('Axis2P3D XDirection',(-2.37076022874E-015,0.479425538604,-0.87758256189)) ;
#1643=DIRECTION('Axis2P3D Direction',(1.,-7.05146545799E-015,-3.85223313675E-015)) ;
#1655=DIRECTION('Axis2P3D Direction',(1.,0.,0.)) ;
#1656=DIRECTION('Axis2P3D XDirection',(0.,0.479425538604,-0.87758256189)) ;
#1660=DIRECTION('Vector Direction',(1.,0.,0.)) ;
#1667=DIRECTION('Vector Direction',(1.,0.,0.)) ;
#1674=DIRECTION('Axis2P3D Direction',(1.,0.,0.)) ;
#1686=DIRECTION('Axis2P3D Direction',(1.,0.,0.)) ;
#1698=DIRECTION('Axis2P3D Direction',(1.,-9.10382880193E-014,-3.71924713249E-014)) ;
#1699=DIRECTION('Axis2P3D XDirection',(-1.10635477341E-014,-0.479425538604,0.87758256189)) ;
#1703=DIRECTION('Vector Direction',(0.707106781187,-0.339005049421,0.620544580564)) ;
#1710=DIRECTION('Axis2P3D Direction',(1.,-8.57614352158E-014,-4.6851685591E-014)) ;
#1717=DIRECTION('Vector Direction',(0.707106781187,0.339005063887,-0.620544572661)) ;
#1729=DIRECTION('Axis2P3D Direction',(1.,-2.22044604925E-015,5.55111512313E-016)) ;
#1730=DIRECTION('Axis2P3D XDirection',(2.63417803193E-016,-0.12796667928,-0.9917784677)) ;
#1734=DIRECTION('Axis2P3D Direction',(1.,-2.25453695328E-015,2.90897228182E-016)) ;
#1746=DIRECTION('Axis2P3D Direction',(1.,0.,0.)) ;
#1747=DIRECTION('Axis2P3D XDirection',(0.,0.,-1.)) ;
#1763=DIRECTION('Vector Direction',(0.,0.,-1.)) ;
#1770=DIRECTION('Vector Direction',(0.,1.,0.)) ;
#1777=DIRECTION('Vector Direction',(0.,0.,-1.)) ;
#1794=DIRECTION('Vector Direction',(0.,1.,0.)) ;
#1812=DIRECTION('Axis2P3D Direction',(0.,0.,-1.)) ;
#1813=DIRECTION('Axis2P3D XDirection',(-0.87758256189,0.479425538604,0.)) ;
#1817=DIRECTION('Axis2P3D Direction',(0.,0.,-1.)) ;
#1837=DIRECTION('Axis2P3D Direction',(0.,1.,0.)) ;
#1838=DIRECTION('Axis2P3D XDirection',(-1.,0.,0.)) ;
#1842=DIRECTION('Vector Direction',(0.,0.,1.)) ;
#1851=DIRECTION('Vector Direction',(1.,0.,0.)) ;
#1856=DIRECTION('Vector Direction',(-1.,0.,0.)) ;
#1880=DIRECTION('Axis2P3D Direction',(0.,0.,1.)) ;
#1881=DIRECTION('Axis2P3D XDirection',(1.,0.,0.)) ;
#1885=DIRECTION('Vector Direction',(0.,1.,0.)) ;
#1892=DIRECTION('Vector Direction',(1.,0.,0.)) ;
#1903=DIRECTION('Vector Direction',(0.,-1.,0.)) ;
#1912=DIRECTION('Vector Direction',(-1.,0.,0.)) ;
#1919=DIRECTION('Vector Direction',(0.,1.,0.)) ;
#1926=DIRECTION('Vector Direction',(1.,0.,0.)) ;
#1937=DIRECTION('Vector Direction',(0.,-1.,0.)) ;
#1946=DIRECTION('Vector Direction',(-1.,0.,0.)) ;
#1953=DIRECTION('Vector Direction',(0.,1.,0.)) ;
#1960=DIRECTION('Vector Direction',(1.,0.,0.)) ;
#1971=DIRECTION('Axis2P3D Direction',(0.,0.,1.)) ;
#1980=DIRECTION('Axis2P3D Direction',(0.,0.,1.)) ;
#1989=DIRECTION('Vector Direction',(0.,-1.,0.)) ;
#1998=DIRECTION('Vector Direction',(-1.,0.,0.)) ;
#2005=DIRECTION('Vector Direction',(0.,1.,0.)) ;
#2012=DIRECTION('Vector Direction',(1.,0.,0.)) ;
#2023=DIRECTION('Vector Direction',(0.,-1.,0.)) ;
#2032=DIRECTION('Vector Direction',(-1.,0.,0.)) ;
#2039=DIRECTION('Vector Direction',(0.,1.,0.)) ;
#2046=DIRECTION('Vector Direction',(1.,0.,0.)) ;
#2058=DIRECTION('Axis2P3D Direction',(0.,1.,0.)) ;
#2059=DIRECTION('Axis2P3D XDirection',(-1.,0.,0.)) ;
#2075=DIRECTION('Vector Direction',(-1.,0.,0.)) ;
#2090=DIRECTION('Vector Direction',(0.,0.,1.)) ;
#2104=DIRECTION('Axis2P3D Direction',(0.,0.,-1.)) ;
#2115=DIRECTION('Axis2P3D Direction',(0.,0.,-1.)) ;
#2116=DIRECTION('Axis2P3D XDirection',(-1.,0.,0.)) ;
#2120=DIRECTION('Axis2P3D Direction',(0.,0.,-1.)) ;
#2127=DIRECTION('Vector Direction',(0.,1.,0.)) ;
#2134=DIRECTION('Axis2P3D Direction',(0.,0.,-1.)) ;
#2163=DIRECTION('Axis2P3D Direction',(-1.,0.,0.)) ;
#2164=DIRECTION('Axis2P3D XDirection',(0.,0.,1.)) ;
#2185=DIRECTION('Axis2P3D Direction',(1.,0.,0.)) ;
#2186=DIRECTION('Axis2P3D XDirection',(0.,-1.,0.)) ;
#2190=DIRECTION('Vector Direction',(0.,0.,-1.)) ;
#2197=DIRECTION('Vector Direction',(0.,0.,-1.)) ;
#2204=DIRECTION('Vector Direction',(0.,-1.,0.)) ;
#2216=DIRECTION('Axis2P3D Direction',(0.,-1.,0.)) ;
#2217=DIRECTION('Axis2P3D XDirection',(-1.,0.,0.)) ;
#2221=DIRECTION('Vector Direction',(0.,0.,-1.)) ;
#2228=DIRECTION('Vector Direction',(-1.,0.,0.)) ;
#2240=DIRECTION('Axis2P3D Direction',(-1.,0.,0.)) ;
#2241=DIRECTION('Axis2P3D XDirection',(0.,1.,0.)) ;
#2245=DIRECTION('Vector Direction',(0.,0.,-1.)) ;
#2252=DIRECTION('Vector Direction',(0.,1.,0.)) ;
#2264=DIRECTION('Axis2P3D Direction',(0.,1.,0.)) ;
#2265=DIRECTION('Axis2P3D XDirection',(1.,0.,0.)) ;
#2269=DIRECTION('Vector Direction',(1.,0.,0.)) ;
#2281=DIRECTION('Vector Direction',(0.,0.,-1.)) ;
#2288=DIRECTION('Vector Direction',(0.,0.,-1.)) ;
#2295=DIRECTION('Vector Direction',(0.,-1.,0.)) ;
#2307=DIRECTION('Axis2P3D Direction',(0.,-1.,0.)) ;
#2308=DIRECTION('Axis2P3D XDirection',(-1.,0.,0.)) ;
#2312=DIRECTION('Vector Direction',(0.,0.,-1.)) ;
#2319=DIRECTION('Vector Direction',(-1.,0.,0.)) ;
#2331=DIRECTION('Vector Direction',(0.,0.,-1.)) ;
#2338=DIRECTION('Vector Direction',(0.,1.,0.)) ;
#2350=DIRECTION('Axis2P3D Direction',(0.,1.,0.)) ;
#2351=DIRECTION('Axis2P3D XDirection',(1.,0.,0.)) ;
#2355=DIRECTION('Vector Direction',(1.,0.,0.)) ;
#2367=DIRECTION('Axis2P3D Direction',(0.,0.,1.)) ;
#2368=DIRECTION('Axis2P3D XDirection',(0.87758256189,0.479425538604,0.)) ;
#2372=DIRECTION('Vector Direction',(0.,0.,1.)) ;
#2377=DIRECTION('Vector Direction',(0.,0.,1.)) ;
#2396=DIRECTION('Axis2P3D Direction',(1.,0.,0.)) ;
#2397=DIRECTION('Axis2P3D XDirection',(0.,-1.,0.)) ;
#2401=DIRECTION('Vector Direction',(0.,0.,-1.)) ;
#2408=DIRECTION('Vector Direction',(0.,0.,-1.)) ;
#2415=DIRECTION('Vector Direction',(0.,-1.,0.)) ;
#2427=DIRECTION('Axis2P3D Direction',(0.,-1.,0.)) ;
#2428=DIRECTION('Axis2P3D XDirection',(-1.,0.,0.)) ;
#2432=DIRECTION('Vector Direction',(0.,0.,-1.)) ;
#2439=DIRECTION('Vector Direction',(-1.,0.,0.)) ;
#2451=DIRECTION('Axis2P3D Direction',(-1.,0.,0.)) ;
#2452=DIRECTION('Axis2P3D XDirection',(0.,1.,0.)) ;
#2456=DIRECTION('Vector Direction',(0.,0.,-1.)) ;
#2463=DIRECTION('Vector Direction',(0.,1.,0.)) ;
#2475=DIRECTION('Axis2P3D Direction',(0.,1.,0.)) ;
#2476=DIRECTION('Axis2P3D XDirection',(1.,0.,0.)) ;
#2480=DIRECTION('Vector Direction',(1.,0.,0.)) ;
#2492=DIRECTION('Axis2P3D Direction',(1.,0.,0.)) ;
#2493=DIRECTION('Axis2P3D XDirection',(0.,-1.,0.)) ;
#2497=DIRECTION('Vector Direction',(0.,0.,-1.)) ;
#2504=DIRECTION('Vector Direction',(0.,0.,-1.)) ;
#2511=DIRECTION('Vector Direction',(0.,-1.,0.)) ;
#2523=DIRECTION('Vector Direction',(0.,0.,-1.)) ;
#2530=DIRECTION('Vector Direction',(-1.,0.,0.)) ;
#2542=DIRECTION('Axis2P3D Direction',(-1.,0.,0.)) ;
#2543=DIRECTION('Axis2P3D XDirection',(0.,1.,0.)) ;
#2547=DIRECTION('Vector Direction',(0.,0.,-1.)) ;
#2554=DIRECTION('Vector Direction',(0.,1.,0.)) ;
#2566=DIRECTION('Vector Direction',(1.,0.,0.)) ;
#2584=DIRECTION('Axis2P3D Direction',(0.,0.,-1.)) ;
#2585=DIRECTION('Axis2P3D XDirection',(1.,0.,0.)) ;
#2617=DIRECTION('Axis2P3D Direction',(0.,0.,1.)) ;
#2618=DIRECTION('Axis2P3D XDirection',(1.,0.,0.)) ;
#2622=DIRECTION('Axis2P3D Direction',(0.,0.,1.)) ;
#2631=DIRECTION('Axis2P3D Direction',(0.,0.,1.)) ;
#2641=DIRECTION('Axis2P3D Direction',(0.,0.,1.)) ;
#2642=DIRECTION('Axis2P3D XDirection',(-0.87758256189,-0.479425538604,0.)) ;
#2646=DIRECTION('Vector Direction',(0.,0.,1.)) ;
#2653=DIRECTION('Vector Direction',(0.,0.,1.)) ;
#2660=DIRECTION('Axis2P3D Direction',(0.,0.,1.)) ;
#2672=DIRECTION('Axis2P3D Direction',(0.,0.,1.)) ;
#2684=DIRECTION('Axis2P3D Direction',(0.,0.,1.)) ;
#2685=DIRECTION('Axis2P3D XDirection',(0.,1.,0.)) ;
#2689=DIRECTION('Axis2P3D Direction',(0.,0.,1.)) ;
#2698=DIRECTION('Axis2P3D Direction',(0.,0.,1.)) ;
#2712=DIRECTION('Axis2P3D Direction',(0.,0.,1.)) ;
#2713=DIRECTION('Axis2P3D XDirection',(0.87758256189,0.479425538604,0.)) ;
#2717=DIRECTION('Vector Direction',(0.,0.,1.)) ;
#2722=DIRECTION('Vector Direction',(0.,0.,1.)) ;
#48=AXIS2_PLACEMENT_3D(' ',#47,$,$) ;
#55=AXIS2_PLACEMENT_3D('Plane Axis2P3D',#52,#53,#54) ;
#59=AXIS2_PLACEMENT_3D('Circle Axis2P3D',#57,#58,$) ;
#68=AXIS2_PLACEMENT_3D('Circle Axis2P3D',#66,#67,$) ;
#77=AXIS2_PLACEMENT_3D('Circle Axis2P3D',#75,#76,$) ;
#86=AXIS2_PLACEMENT_3D('Circle Axis2P3D',#84,#85,$) ;
#97=AXIS2_PLACEMENT_3D('Cylinder Axis2P3D',#94,#95,#96) ;
#110=AXIS2_PLACEMENT_3D('Circle Axis2P3D',#108,#109,$) ;
#124=AXIS2_PLACEMENT_3D('Circle Axis2P3D',#122,#123,$) ;
#137=AXIS2_PLACEMENT_3D('Cone Axis2P3D',#134,#135,#136) ;
#141=AXIS2_PLACEMENT_3D('Circle Axis2P3D',#139,#140,$) ;
#157=AXIS2_PLACEMENT_3D('Circle Axis2P3D',#155,#156,$) ;
#180=AXIS2_PLACEMENT_3D('Circle Axis2P3D',#178,#179,$) ;
#187=AXIS2_PLACEMENT_3D('Circle Axis2P3D',#185,#186,$) ;
#203=AXIS2_PLACEMENT_3D('Circle Axis2P3D',#201,#202,$) ;
#219=AXIS2_PLACEMENT_3D('Circle Axis2P3D',#217,#218,$) ;
#233=AXIS2_PLACEMENT_3D('Circle Axis2P3D',#231,#232,$) ;
#256=AXIS2_PLACEMENT_3D('Plane Axis2P3D',#253,#254,#255) ;
#307=AXIS2_PLACEMENT_3D('Plane Axis2P3D',#304,#305,#306) ;
#318=AXIS2_PLACEMENT_3D('Circle Axis2P3D',#316,#317,$) ;
#331=AXIS2_PLACEMENT_3D('Plane Axis2P3D',#328,#329,#330) ;
#375=AXIS2_PLACEMENT_3D('Cylinder Axis2P3D',#372,#373,#374) ;
#388=AXIS2_PLACEMENT_3D('Circle Axis2P3D',#386,#387,$) ;
#400=AXIS2_PLACEMENT_3D('Circle Axis2P3D',#398,#399,$) ;
#413=AXIS2_PLACEMENT_3D('Circle Axis2P3D',#411,#412,$) ;
#418=AXIS2_PLACEMENT_3D('Circle Axis2P3D',#416,#417,$) ;
#434=AXIS2_PLACEMENT_3D('Circle Axis2P3D',#432,#433,$) ;
#450=AXIS2_PLACEMENT_3D('Circle Axis2P3D',#448,#449,$) ;
#457=AXIS2_PLACEMENT_3D('Circle Axis2P3D',#455,#456,$) ;
#473=AXIS2_PLACEMENT_3D('Circle Axis2P3D',#471,#472,$) ;
#489=AXIS2_PLACEMENT_3D('Circle Axis2P3D',#487,#488,$) ;
#512=AXIS2_PLACEMENT_3D('Cylinder Axis2P3D',#509,#510,#511) ;
#523=AXIS2_PLACEMENT_3D('Circle Axis2P3D',#521,#522,$) ;
#544=AXIS2_PLACEMENT_3D('Plane Axis2P3D',#541,#542,#543) ;
#601=AXIS2_PLACEMENT_3D('Circle Axis2P3D',#599,#600,$) ;
#614=AXIS2_PLACEMENT_3D('Plane Axis2P3D',#611,#612,#613) ;
#671=AXIS2_PLACEMENT_3D('Circle Axis2P3D',#669,#670,$) ;
#683=AXIS2_PLACEMENT_3D('Circle Axis2P3D',#681,#682,$) ;
#702=AXIS2_PLACEMENT_3D('Circle Axis2P3D',#700,#701,$) ;
#715=AXIS2_PLACEMENT_3D('Circle Axis2P3D',#713,#714,$) ;
#729=AXIS2_PLACEMENT_3D('Cylinder Axis2P3D',#726,#727,#728) ;
#742=AXIS2_PLACEMENT_3D('Circle Axis2P3D',#740,#741,$) ;
#756=AXIS2_PLACEMENT_3D('Circle Axis2P3D',#754,#755,$) ;
#770=AXIS2_PLACEMENT_3D('Circle Axis2P3D',#768,#769,$) ;
#784=AXIS2_PLACEMENT_3D('Circle Axis2P3D',#782,#783,$) ;
#789=AXIS2_PLACEMENT_3D('Circle Axis2P3D',#787,#788,$) ;
#810=AXIS2_PLACEMENT_3D('Cone Axis2P3D',#807,#808,#809) ;
#821=AXIS2_PLACEMENT_3D('Circle Axis2P3D',#819,#820,$) ;
#834=AXIS2_PLACEMENT_3D('Plane Axis2P3D',#831,#832,#833) ;
#838=AXIS2_PLACEMENT_3D('Circle Axis2P3D',#836,#837,$) ;
#859=AXIS2_PLACEMENT_3D('Circle Axis2P3D',#857,#858,$) ;
#885=AXIS2_PLACEMENT_3D('Plane Axis2P3D',#882,#883,#884) ;
#889=AXIS2_PLACEMENT_3D('Circle Axis2P3D',#887,#888,$) ;
#898=AXIS2_PLACEMENT_3D('Circle Axis2P3D',#896,#897,$) ;
#913=AXIS2_PLACEMENT_3D('Plane Axis2P3D',#910,#911,#912) ;
#946=AXIS2_PLACEMENT_3D('Circle Axis2P3D',#944,#945,$) ;
#959=AXIS2_PLACEMENT_3D('Plane Axis2P3D',#956,#957,#958) ;
#1007=AXIS2_PLACEMENT_3D('Circle Axis2P3D',#1005,#1006,$) ;
#1026=AXIS2_PLACEMENT_3D('Circle Axis2P3D',#1024,#1025,$) ;
#1039=AXIS2_PLACEMENT_3D('Plane Axis2P3D',#1036,#1037,#1038) ;
#1096=AXIS2_PLACEMENT_3D('Circle Axis2P3D',#1094,#1095,$) ;
#1109=AXIS2_PLACEMENT_3D('Plane Axis2P3D',#1106,#1107,#1108) ;
#1152=AXIS2_PLACEMENT_3D('Circle Axis2P3D',#1150,#1151,$) ;
#1164=AXIS2_PLACEMENT_3D('Circle Axis2P3D',#1162,#1163,$) ;
#1176=AXIS2_PLACEMENT_3D('Circle Axis2P3D',#1174,#1175,$) ;
#1181=AXIS2_PLACEMENT_3D('Circle Axis2P3D',#1179,#1180,$) ;
#1186=AXIS2_PLACEMENT_3D('Circle Axis2P3D',#1184,#1185,$) ;
#1191=AXIS2_PLACEMENT_3D('Circle Axis2P3D',#1189,#1190,$) ;
#1196=AXIS2_PLACEMENT_3D('Circle Axis2P3D',#1194,#1195,$) ;
#1237=AXIS2_PLACEMENT_3D('Circle Axis2P3D',#1235,#1236,$) ;
#1257=AXIS2_PLACEMENT_3D('Cone Axis2P3D',#1254,#1255,#1256) ;
#1261=AXIS2_PLACEMENT_3D('Circle Axis2P3D',#1259,#1260,$) ;
#1288=AXIS2_PLACEMENT_3D('Cylinder Axis2P3D',#1285,#1286,#1287) ;
#1292=AXIS2_PLACEMENT_3D('Circle Axis2P3D',#1290,#1291,$) ;
#1318=AXIS2_PLACEMENT_3D('Circle Axis2P3D',#1316,#1317,$) ;
#1330=AXIS2_PLACEMENT_3D('Circle Axis2P3D',#1328,#1329,$) ;
#1358=AXIS2_PLACEMENT_3D('Circle Axis2P3D',#1356,#1357,$) ;
#1371=AXIS2_PLACEMENT_3D('Plane Axis2P3D',#1368,#1369,#1370) ;
#1381=AXIS2_PLACEMENT_3D('Plane Axis2P3D',#1378,#1379,#1380) ;
#1385=AXIS2_PLACEMENT_3D('Circle Axis2P3D',#1383,#1384,$) ;
#1394=AXIS2_PLACEMENT_3D('Circle Axis2P3D',#1392,#1393,$) ;
#1409=AXIS2_PLACEMENT_3D('Cylinder Axis2P3D',#1406,#1407,#1408) ;
#1420=AXIS2_PLACEMENT_3D('Circle Axis2P3D',#1418,#1419,$) ;
#1439=AXIS2_PLACEMENT_3D('Circle Axis2P3D',#1437,#1438,$) ;
#1452=AXIS2_PLACEMENT_3D('Cone Axis2P3D',#1449,#1450,#1451) ;
#1463=AXIS2_PLACEMENT_3D('Circle Axis2P3D',#1461,#1462,$) ;
#1482=AXIS2_PLACEMENT_3D('Circle Axis2P3D',#1480,#1481,$) ;
#1495=AXIS2_PLACEMENT_3D('Cylinder Axis2P3D',#1492,#1493,#1494) ;
#1506=AXIS2_PLACEMENT_3D('Circle Axis2P3D',#1504,#1505,$) ;
#1525=AXIS2_PLACEMENT_3D('Circle Axis2P3D',#1523,#1524,$) ;
#1538=AXIS2_PLACEMENT_3D('Cone Axis2P3D',#1535,#1536,#1537) ;
#1549=AXIS2_PLACEMENT_3D('Circle Axis2P3D',#1547,#1548,$) ;
#1568=AXIS2_PLACEMENT_3D('Circle Axis2P3D',#1566,#1567,$) ;
#1581=AXIS2_PLACEMENT_3D('Plane Axis2P3D',#1578,#1579,#1580) ;
#1585=AXIS2_PLACEMENT_3D('Circle Axis2P3D',#1583,#1584,$) ;
#1594=AXIS2_PLACEMENT_3D('Circle Axis2P3D',#1592,#1593,$) ;
#1609=AXIS2_PLACEMENT_3D('Cone Axis2P3D',#1606,#1607,#1608) ;
#1620=AXIS2_PLACEMENT_3D('Circle Axis2P3D',#1618,#1619,$) ;
#1640=AXIS2_PLACEMENT_3D('Cone Axis2P3D',#1637,#1638,#1639) ;
#1644=AXIS2_PLACEMENT_3D('Circle Axis2P3D',#1642,#1643,$) ;
#1657=AXIS2_PLACEMENT_3D('Cylinder Axis2P3D',#1654,#1655,#1656) ;
#1675=AXIS2_PLACEMENT_3D('Circle Axis2P3D',#1673,#1674,$) ;
#1687=AXIS2_PLACEMENT_3D('Circle Axis2P3D',#1685,#1686,$) ;
#1700=AXIS2_PLACEMENT_3D('Cone Axis2P3D',#1697,#1698,#1699) ;
#1711=AXIS2_PLACEMENT_3D('Circle Axis2P3D',#1709,#1710,$) ;
#1731=AXIS2_PLACEMENT_3D('Cone Axis2P3D',#1728,#1729,#1730) ;
#1735=AXIS2_PLACEMENT_3D('Circle Axis2P3D',#1733,#1734,$) ;
#1748=AXIS2_PLACEMENT_3D('Plane Axis2P3D',#1745,#1746,#1747) ;
#1814=AXIS2_PLACEMENT_3D('Cone Axis2P3D',#1811,#1812,#1813) ;
#1818=AXIS2_PLACEMENT_3D('Circle Axis2P3D',#1816,#1817,$) ;
#1839=AXIS2_PLACEMENT_3D('Plane Axis2P3D',#1836,#1837,#1838) ;
#1882=AXIS2_PLACEMENT_3D('Plane Axis2P3D',#1879,#1880,#1881) ;
#1972=AXIS2_PLACEMENT_3D('Circle Axis2P3D',#1970,#1971,$) ;
#1981=AXIS2_PLACEMENT_3D('Circle Axis2P3D',#1979,#1980,$) ;
#2060=AXIS2_PLACEMENT_3D('Plane Axis2P3D',#2057,#2058,#2059) ;
#2105=AXIS2_PLACEMENT_3D('Circle Axis2P3D',#2103,#2104,$) ;
#2117=AXIS2_PLACEMENT_3D('Plane Axis2P3D',#2114,#2115,#2116) ;
#2121=AXIS2_PLACEMENT_3D('Circle Axis2P3D',#2119,#2120,$) ;
#2135=AXIS2_PLACEMENT_3D('Circle Axis2P3D',#2133,#2134,$) ;
#2165=AXIS2_PLACEMENT_3D('Plane Axis2P3D',#2162,#2163,#2164) ;
#2187=AXIS2_PLACEMENT_3D('Plane Axis2P3D',#2184,#2185,#2186) ;
#2218=AXIS2_PLACEMENT_3D('Plane Axis2P3D',#2215,#2216,#2217) ;
#2242=AXIS2_PLACEMENT_3D('Plane Axis2P3D',#2239,#2240,#2241) ;
#2266=AXIS2_PLACEMENT_3D('Plane Axis2P3D',#2263,#2264,#2265) ;
#2309=AXIS2_PLACEMENT_3D('Plane Axis2P3D',#2306,#2307,#2308) ;
#2352=AXIS2_PLACEMENT_3D('Plane Axis2P3D',#2349,#2350,#2351) ;
#2369=AXIS2_PLACEMENT_3D('Cylinder Axis2P3D',#2366,#2367,#2368) ;
#2398=AXIS2_PLACEMENT_3D('Plane Axis2P3D',#2395,#2396,#2397) ;
#2429=AXIS2_PLACEMENT_3D('Plane Axis2P3D',#2426,#2427,#2428) ;
#2453=AXIS2_PLACEMENT_3D('Plane Axis2P3D',#2450,#2451,#2452) ;
#2477=AXIS2_PLACEMENT_3D('Plane Axis2P3D',#2474,#2475,#2476) ;
#2494=AXIS2_PLACEMENT_3D('Plane Axis2P3D',#2491,#2492,#2493) ;
#2544=AXIS2_PLACEMENT_3D('Plane Axis2P3D',#2541,#2542,#2543) ;
#2586=AXIS2_PLACEMENT_3D('Plane Axis2P3D',#2583,#2584,#2585) ;
#2619=AXIS2_PLACEMENT_3D('Plane Axis2P3D',#2616,#2617,#2618) ;
#2623=AXIS2_PLACEMENT_3D('Circle Axis2P3D',#2621,#2622,$) ;
#2632=AXIS2_PLACEMENT_3D('Circle Axis2P3D',#2630,#2631,$) ;
#2643=AXIS2_PLACEMENT_3D('Cylinder Axis2P3D',#2640,#2641,#2642) ;
#2661=AXIS2_PLACEMENT_3D('Circle Axis2P3D',#2659,#2660,$) ;
#2673=AXIS2_PLACEMENT_3D('Circle Axis2P3D',#2671,#2672,$) ;
#2686=AXIS2_PLACEMENT_3D('Plane Axis2P3D',#2683,#2684,#2685) ;
#2690=AXIS2_PLACEMENT_3D('Circle Axis2P3D',#2688,#2689,$) ;
#2699=AXIS2_PLACEMENT_3D('Circle Axis2P3D',#2697,#2698,$) ;
#2714=AXIS2_PLACEMENT_3D('Cylinder Axis2P3D',#2711,#2712,#2713) ;
#40=PRODUCT_DEFINITION_SHAPE(' ',' ',#14) ;
#31=APPROVAL_PERSON_ORGANIZATION(#25,#21,#19) ;
#25=PERSON_AND_ORGANIZATION(#22,#23) ;
#22=PERSON(' ',' ',' ',$,$,$) ;
#23=ORGANIZATION(' ',' ',' ') ;
#21=APPROVAL(#20,' ') ;
#20=APPROVAL_STATUS('not_yet_approved') ;
#19=APPROVAL_ROLE('APPROVER') ;
#13=DATE_AND_TIME(#11,#12) ;
#12=LOCAL_TIME(10,59,48.,#10) ;
#10=COORDINATED_UNIVERSAL_TIME_OFFSET(0,0,.AHEAD.) ;
#72=ORIENTED_EDGE('',*,*,#65,.T.) ;
#73=ORIENTED_EDGE('',*,*,#70,.T.) ;
#90=ORIENTED_EDGE('',*,*,#83,.F.) ;
#91=ORIENTED_EDGE('',*,*,#88,.F.) ;
#128=ORIENTED_EDGE('',*,*,#107,.F.) ;
#129=ORIENTED_EDGE('',*,*,#114,.F.) ;
#130=ORIENTED_EDGE('',*,*,#121,.T.) ;
#131=ORIENTED_EDGE('',*,*,#126,.T.) ;
#237=ORIENTED_EDGE('',*,*,#147,.T.) ;
#238=ORIENTED_EDGE('',*,*,#154,.T.) ;
#239=ORIENTED_EDGE('',*,*,#161,.F.) ;
#240=ORIENTED_EDGE('',*,*,#168,.F.) ;
#241=ORIENTED_EDGE('',*,*,#126,.F.) ;
#242=ORIENTED_EDGE('',*,*,#177,.T.) ;
#243=ORIENTED_EDGE('',*,*,#184,.F.) ;
#244=ORIENTED_EDGE('',*,*,#191,.T.) ;
#245=ORIENTED_EDGE('',*,*,#200,.F.) ;
#246=ORIENTED_EDGE('',*,*,#207,.F.) ;
#247=ORIENTED_EDGE('',*,*,#216,.T.) ;
#248=ORIENTED_EDGE('',*,*,#223,.T.) ;
#249=ORIENTED_EDGE('',*,*,#230,.F.) ;
#250=ORIENTED_EDGE('',*,*,#235,.F.) ;
#295=ORIENTED_EDGE('',*,*,#264,.F.) ;
#296=ORIENTED_EDGE('',*,*,#271,.F.) ;
#297=ORIENTED_EDGE('',*,*,#281,.T.) ;
#298=ORIENTED_EDGE('',*,*,#288,.T.) ;
#299=ORIENTED_EDGE('',*,*,#293,.T.) ;
#300=ORIENTED_EDGE('',*,*,#177,.F.) ;
#301=ORIENTED_EDGE('',*,*,#121,.F.) ;
#322=ORIENTED_EDGE('',*,*,#315,.T.) ;
#323=ORIENTED_EDGE('',*,*,#320,.F.) ;
#324=ORIENTED_EDGE('',*,*,#264,.T.) ;
#325=ORIENTED_EDGE('',*,*,#114,.T.) ;
#363=ORIENTED_EDGE('',*,*,#339,.F.) ;
#364=ORIENTED_EDGE('',*,*,#346,.T.) ;
#365=ORIENTED_EDGE('',*,*,#356,.F.) ;
#366=ORIENTED_EDGE('',*,*,#361,.T.) ;
#367=ORIENTED_EDGE('',*,*,#315,.F.) ;
#368=ORIENTED_EDGE('',*,*,#107,.T.) ;
#369=ORIENTED_EDGE('',*,*,#168,.T.) ;
#404=ORIENTED_EDGE('',*,*,#385,.F.) ;
#405=ORIENTED_EDGE('',*,*,#392,.F.) ;
#406=ORIENTED_EDGE('',*,*,#397,.T.) ;
#407=ORIENTED_EDGE('',*,*,#235,.T.) ;
#408=ORIENTED_EDGE('',*,*,#402,.F.) ;
#493=ORIENTED_EDGE('',*,*,#415,.T.) ;
#494=ORIENTED_EDGE('',*,*,#402,.T.) ;
#495=ORIENTED_EDGE('',*,*,#230,.T.) ;
#496=ORIENTED_EDGE('',*,*,#422,.F.) ;
#497=ORIENTED_EDGE('',*,*,#431,.F.) ;
#498=ORIENTED_EDGE('',*,*,#438,.F.) ;
#499=ORIENTED_EDGE('',*,*,#447,.T.) ;
#500=ORIENTED_EDGE('',*,*,#454,.F.) ;
#501=ORIENTED_EDGE('',*,*,#461,.T.) ;
#502=ORIENTED_EDGE('',*,*,#470,.F.) ;
#503=ORIENTED_EDGE('',*,*,#477,.F.) ;
#504=ORIENTED_EDGE('',*,*,#486,.T.) ;
#505=ORIENTED_EDGE('',*,*,#491,.T.) ;
#506=ORIENTED_EDGE('',*,*,#154,.F.) ;
#534=ORIENTED_EDGE('',*,*,#520,.F.) ;
#535=ORIENTED_EDGE('',*,*,#527,.T.) ;
#536=ORIENTED_EDGE('',*,*,#532,.T.) ;
#537=ORIENTED_EDGE('',*,*,#422,.T.) ;
#538=ORIENTED_EDGE('',*,*,#223,.F.) ;
#583=ORIENTED_EDGE('',*,*,#554,.F.) ;
#584=ORIENTED_EDGE('',*,*,#561,.T.) ;
#585=ORIENTED_EDGE('',*,*,#571,.T.) ;
#586=ORIENTED_EDGE('',*,*,#576,.T.) ;
#587=ORIENTED_EDGE('',*,*,#520,.T.) ;
#588=ORIENTED_EDGE('',*,*,#216,.F.) ;
#589=ORIENTED_EDGE('',*,*,#581,.F.) ;
#605=ORIENTED_EDGE('',*,*,#598,.F.) ;
#606=ORIENTED_EDGE('',*,*,#603,.F.) ;
#607=ORIENTED_EDGE('',*,*,#581,.T.) ;
#608=ORIENTED_EDGE('',*,*,#207,.T.) ;
#653=ORIENTED_EDGE('',*,*,#622,.F.) ;
#654=ORIENTED_EDGE('',*,*,#629,.T.) ;
#655=ORIENTED_EDGE('',*,*,#639,.F.) ;
#656=ORIENTED_EDGE('',*,*,#646,.F.) ;
#657=ORIENTED_EDGE('',*,*,#651,.F.) ;
#658=ORIENTED_EDGE('',*,*,#598,.T.) ;
#659=ORIENTED_EDGE('',*,*,#200,.T.) ;
#675=ORIENTED_EDGE('',*,*,#668,.T.) ;
#676=ORIENTED_EDGE('',*,*,#673,.T.) ;
#677=ORIENTED_EDGE('',*,*,#622,.T.) ;
#678=ORIENTED_EDGE('',*,*,#191,.F.) ;
#687=ORIENTED_EDGE('',*,*,#293,.F.) ;
#688=ORIENTED_EDGE('',*,*,#685,.T.) ;
#689=ORIENTED_EDGE('',*,*,#668,.F.) ;
#690=ORIENTED_EDGE('',*,*,#184,.T.) ;
#706=ORIENTED_EDGE('',*,*,#699,.F.) ;
#707=ORIENTED_EDGE('',*,*,#704,.T.) ;
#708=ORIENTED_EDGE('',*,*,#339,.T.) ;
#709=ORIENTED_EDGE('',*,*,#161,.T.) ;
#710=ORIENTED_EDGE('',*,*,#491,.F.) ;
#719=ORIENTED_EDGE('',*,*,#397,.F.) ;
#720=ORIENTED_EDGE('',*,*,#717,.F.) ;
#721=ORIENTED_EDGE('',*,*,#385,.T.) ;
#722=ORIENTED_EDGE('',*,*,#415,.F.) ;
#723=ORIENTED_EDGE('',*,*,#147,.F.) ;
#793=ORIENTED_EDGE('',*,*,#739,.F.) ;
#794=ORIENTED_EDGE('',*,*,#746,.T.) ;
#795=ORIENTED_EDGE('',*,*,#753,.T.) ;
#796=ORIENTED_EDGE('',*,*,#760,.F.) ;
#797=ORIENTED_EDGE('',*,*,#767,.T.) ;
#798=ORIENTED_EDGE('',*,*,#774,.T.) ;
#799=ORIENTED_EDGE('',*,*,#781,.F.) ;
#800=ORIENTED_EDGE('',*,*,#786,.F.) ;
#801=ORIENTED_EDGE('',*,*,#271,.T.) ;
#802=ORIENTED_EDGE('',*,*,#320,.T.) ;
#803=ORIENTED_EDGE('',*,*,#361,.F.) ;
#804=ORIENTED_EDGE('',*,*,#791,.F.) ;
#825=ORIENTED_EDGE('',*,*,#281,.F.) ;
#826=ORIENTED_EDGE('',*,*,#786,.T.) ;
#827=ORIENTED_EDGE('',*,*,#818,.F.) ;
#828=ORIENTED_EDGE('',*,*,#823,.F.) ;
#842=ORIENTED_EDGE('',*,*,#629,.F.) ;
#843=ORIENTED_EDGE('',*,*,#673,.F.) ;
#844=ORIENTED_EDGE('',*,*,#685,.F.) ;
#845=ORIENTED_EDGE('',*,*,#288,.F.) ;
#846=ORIENTED_EDGE('',*,*,#823,.T.) ;
#847=ORIENTED_EDGE('',*,*,#840,.T.) ;
#863=ORIENTED_EDGE('',*,*,#856,.F.) ;
#864=ORIENTED_EDGE('',*,*,#861,.T.) ;
#865=ORIENTED_EDGE('',*,*,#346,.F.) ;
#866=ORIENTED_EDGE('',*,*,#704,.F.) ;
#876=ORIENTED_EDGE('',*,*,#874,.F.) ;
#877=ORIENTED_EDGE('',*,*,#791,.T.) ;
#878=ORIENTED_EDGE('',*,*,#356,.T.) ;
#879=ORIENTED_EDGE('',*,*,#861,.F.) ;
#902=ORIENTED_EDGE('',*,*,#895,.F.) ;
#903=ORIENTED_EDGE('',*,*,#900,.F.) ;
#906=ORIENTED_EDGE('',*,*,#392,.T.) ;
#907=ORIENTED_EDGE('',*,*,#717,.T.) ;
#928=ORIENTED_EDGE('',*,*,#921,.F.) ;
#929=ORIENTED_EDGE('',*,*,#739,.T.) ;
#930=ORIENTED_EDGE('',*,*,#874,.T.) ;
#931=ORIENTED_EDGE('',*,*,#856,.T.) ;
#932=ORIENTED_EDGE('',*,*,#699,.T.) ;
#933=ORIENTED_EDGE('',*,*,#486,.F.) ;
#934=ORIENTED_EDGE('',*,*,#926,.F.) ;
#950=ORIENTED_EDGE('',*,*,#943,.F.) ;
#951=ORIENTED_EDGE('',*,*,#948,.F.) ;
#952=ORIENTED_EDGE('',*,*,#926,.T.) ;
#953=ORIENTED_EDGE('',*,*,#477,.T.) ;
#989=ORIENTED_EDGE('',*,*,#967,.F.) ;
#990=ORIENTED_EDGE('',*,*,#974,.T.) ;
#991=ORIENTED_EDGE('',*,*,#982,.F.) ;
#992=ORIENTED_EDGE('',*,*,#753,.F.) ;
#993=ORIENTED_EDGE('',*,*,#987,.F.) ;
#994=ORIENTED_EDGE('',*,*,#943,.T.) ;
#995=ORIENTED_EDGE('',*,*,#470,.T.) ;
#1011=ORIENTED_EDGE('',*,*,#1004,.T.) ;
#1012=ORIENTED_EDGE('',*,*,#1009,.T.) ;
#1013=ORIENTED_EDGE('',*,*,#967,.T.) ;
#1014=ORIENTED_EDGE('',*,*,#461,.F.) ;
#1030=ORIENTED_EDGE('',*,*,#1023,.F.) ;
#1031=ORIENTED_EDGE('',*,*,#1028,.T.) ;
#1032=ORIENTED_EDGE('',*,*,#1004,.F.) ;
#1033=ORIENTED_EDGE('',*,*,#454,.T.) ;
#1078=ORIENTED_EDGE('',*,*,#1049,.F.) ;
#1079=ORIENTED_EDGE('',*,*,#1056,.T.) ;
#1080=ORIENTED_EDGE('',*,*,#1066,.T.) ;
#1081=ORIENTED_EDGE('',*,*,#1071,.T.) ;
#1082=ORIENTED_EDGE('',*,*,#1023,.T.) ;
#1083=ORIENTED_EDGE('',*,*,#447,.F.) ;
#1084=ORIENTED_EDGE('',*,*,#1076,.F.) ;
#1100=ORIENTED_EDGE('',*,*,#1093,.F.) ;
#1101=ORIENTED_EDGE('',*,*,#1098,.F.) ;
#1102=ORIENTED_EDGE('',*,*,#1076,.T.) ;
#1103=ORIENTED_EDGE('',*,*,#438,.T.) ;
#1141=ORIENTED_EDGE('',*,*,#532,.F.) ;
#1142=ORIENTED_EDGE('',*,*,#1117,.T.) ;
#1143=ORIENTED_EDGE('',*,*,#1127,.F.) ;
#1144=ORIENTED_EDGE('',*,*,#1134,.F.) ;
#1145=ORIENTED_EDGE('',*,*,#1139,.F.) ;
#1146=ORIENTED_EDGE('',*,*,#1093,.T.) ;
#1147=ORIENTED_EDGE('',*,*,#431,.T.) ;
#1156=ORIENTED_EDGE('',*,*,#576,.F.) ;
#1157=ORIENTED_EDGE('',*,*,#1154,.T.) ;
#1158=ORIENTED_EDGE('',*,*,#1117,.F.) ;
#1159=ORIENTED_EDGE('',*,*,#527,.F.) ;
#1168=ORIENTED_EDGE('',*,*,#651,.T.) ;
#1169=ORIENTED_EDGE('',*,*,#1166,.F.) ;
#1170=ORIENTED_EDGE('',*,*,#554,.T.) ;
#1171=ORIENTED_EDGE('',*,*,#603,.T.) ;
#1200=ORIENTED_EDGE('',*,*,#561,.F.) ;
#1201=ORIENTED_EDGE('',*,*,#1166,.T.) ;
#1202=ORIENTED_EDGE('',*,*,#646,.T.) ;
#1203=ORIENTED_EDGE('',*,*,#1178,.F.) ;
#1204=ORIENTED_EDGE('',*,*,#781,.T.) ;
#1205=ORIENTED_EDGE('',*,*,#1183,.T.) ;
#1206=ORIENTED_EDGE('',*,*,#767,.F.) ;
#1207=ORIENTED_EDGE('',*,*,#1188,.F.) ;
#1208=ORIENTED_EDGE('',*,*,#1056,.F.) ;
#1209=ORIENTED_EDGE('',*,*,#1193,.T.) ;
#1210=ORIENTED_EDGE('',*,*,#1134,.T.) ;
#1211=ORIENTED_EDGE('',*,*,#1198,.F.) ;
#1215=ORIENTED_EDGE('',*,*,#1127,.T.) ;
#1216=ORIENTED_EDGE('',*,*,#1154,.F.) ;
#1217=ORIENTED_EDGE('',*,*,#571,.F.) ;
#1218=ORIENTED_EDGE('',*,*,#1198,.T.) ;
#1222=ORIENTED_EDGE('',*,*,#639,.T.) ;
#1223=ORIENTED_EDGE('',*,*,#840,.F.) ;
#1224=ORIENTED_EDGE('',*,*,#818,.T.) ;
#1225=ORIENTED_EDGE('',*,*,#1178,.T.) ;
#1229=ORIENTED_EDGE('',*,*,#987,.T.) ;
#1230=ORIENTED_EDGE('',*,*,#746,.F.) ;
#1231=ORIENTED_EDGE('',*,*,#921,.T.) ;
#1232=ORIENTED_EDGE('',*,*,#948,.T.) ;
#1248=ORIENTED_EDGE('',*,*,#982,.T.) ;
#1249=ORIENTED_EDGE('',*,*,#1241,.F.) ;
#1250=ORIENTED_EDGE('',*,*,#1246,.T.) ;
#1251=ORIENTED_EDGE('',*,*,#760,.T.) ;
#1279=ORIENTED_EDGE('',*,*,#1267,.F.) ;
#1280=ORIENTED_EDGE('',*,*,#1272,.F.) ;
#1281=ORIENTED_EDGE('',*,*,#774,.F.) ;
#1282=ORIENTED_EDGE('',*,*,#1277,.T.) ;
#1310=ORIENTED_EDGE('',*,*,#1298,.F.) ;
#1311=ORIENTED_EDGE('',*,*,#1303,.T.) ;
#1312=ORIENTED_EDGE('',*,*,#895,.T.) ;
#1313=ORIENTED_EDGE('',*,*,#1308,.F.) ;
#1322=ORIENTED_EDGE('',*,*,#1320,.F.) ;
#1323=ORIENTED_EDGE('',*,*,#1308,.T.) ;
#1324=ORIENTED_EDGE('',*,*,#900,.T.) ;
#1325=ORIENTED_EDGE('',*,*,#1303,.F.) ;
#1334=ORIENTED_EDGE('',*,*,#1332,.T.) ;
#1335=ORIENTED_EDGE('',*,*,#1241,.T.) ;
#1336=ORIENTED_EDGE('',*,*,#974,.F.) ;
#1337=ORIENTED_EDGE('',*,*,#1009,.F.) ;
#1338=ORIENTED_EDGE('',*,*,#1028,.F.) ;
#1339=ORIENTED_EDGE('',*,*,#1071,.F.) ;
#1343=ORIENTED_EDGE('',*,*,#1139,.T.) ;
#1344=ORIENTED_EDGE('',*,*,#1193,.F.) ;
#1345=ORIENTED_EDGE('',*,*,#1049,.T.) ;
#1346=ORIENTED_EDGE('',*,*,#1098,.T.) ;
#1350=ORIENTED_EDGE('',*,*,#1066,.F.) ;
#1351=ORIENTED_EDGE('',*,*,#1188,.T.) ;
#1352=ORIENTED_EDGE('',*,*,#1246,.F.) ;
#1353=ORIENTED_EDGE('',*,*,#1332,.F.) ;
#1362=ORIENTED_EDGE('',*,*,#1360,.F.) ;
#1363=ORIENTED_EDGE('',*,*,#1277,.F.) ;
#1364=ORIENTED_EDGE('',*,*,#1183,.F.) ;
#1365=ORIENTED_EDGE('',*,*,#1272,.T.) ;
#1374=ORIENTED_EDGE('',*,*,#1267,.T.) ;
#1375=ORIENTED_EDGE('',*,*,#1360,.T.) ;
#1398=ORIENTED_EDGE('',*,*,#1391,.T.) ;
#1399=ORIENTED_EDGE('',*,*,#1396,.T.) ;
#1402=ORIENTED_EDGE('',*,*,#1298,.T.) ;
#1403=ORIENTED_EDGE('',*,*,#1320,.T.) ;
#1431=ORIENTED_EDGE('',*,*,#1396,.F.) ;
#1432=ORIENTED_EDGE('',*,*,#1417,.T.) ;
#1433=ORIENTED_EDGE('',*,*,#1424,.T.) ;
#1434=ORIENTED_EDGE('',*,*,#1429,.F.) ;
#1443=ORIENTED_EDGE('',*,*,#1391,.F.) ;
#1444=ORIENTED_EDGE('',*,*,#1429,.T.) ;
#1445=ORIENTED_EDGE('',*,*,#1441,.T.) ;
#1446=ORIENTED_EDGE('',*,*,#1417,.F.) ;
#1474=ORIENTED_EDGE('',*,*,#1424,.F.) ;
#1475=ORIENTED_EDGE('',*,*,#1460,.T.) ;
#1476=ORIENTED_EDGE('',*,*,#1467,.T.) ;
#1477=ORIENTED_EDGE('',*,*,#1472,.F.) ;
#1486=ORIENTED_EDGE('',*,*,#1441,.F.) ;
#1487=ORIENTED_EDGE('',*,*,#1472,.T.) ;
#1488=ORIENTED_EDGE('',*,*,#1484,.T.) ;
#1489=ORIENTED_EDGE('',*,*,#1460,.F.) ;
#1517=ORIENTED_EDGE('',*,*,#1467,.F.) ;
#1518=ORIENTED_EDGE('',*,*,#1503,.T.) ;
#1519=ORIENTED_EDGE('',*,*,#1510,.T.) ;
#1520=ORIENTED_EDGE('',*,*,#1515,.F.) ;
#1529=ORIENTED_EDGE('',*,*,#1484,.F.) ;
#1530=ORIENTED_EDGE('',*,*,#1515,.T.) ;
#1531=ORIENTED_EDGE('',*,*,#1527,.T.) ;
#1532=ORIENTED_EDGE('',*,*,#1503,.F.) ;
#1560=ORIENTED_EDGE('',*,*,#1510,.F.) ;
#1561=ORIENTED_EDGE('',*,*,#1546,.T.) ;
#1562=ORIENTED_EDGE('',*,*,#1553,.T.) ;
#1563=ORIENTED_EDGE('',*,*,#1558,.F.) ;
#1572=ORIENTED_EDGE('',*,*,#1527,.F.) ;
#1573=ORIENTED_EDGE('',*,*,#1558,.T.) ;
#1574=ORIENTED_EDGE('',*,*,#1570,.T.) ;
#1575=ORIENTED_EDGE('',*,*,#1546,.F.) ;
#1598=ORIENTED_EDGE('',*,*,#1591,.T.) ;
#1599=ORIENTED_EDGE('',*,*,#1596,.T.) ;
#1602=ORIENTED_EDGE('',*,*,#1553,.F.) ;
#1603=ORIENTED_EDGE('',*,*,#1570,.F.) ;
#1631=ORIENTED_EDGE('',*,*,#1617,.T.) ;
#1632=ORIENTED_EDGE('',*,*,#1624,.T.) ;
#1633=ORIENTED_EDGE('',*,*,#1629,.F.) ;
#1634=ORIENTED_EDGE('',*,*,#1591,.F.) ;
#1648=ORIENTED_EDGE('',*,*,#1629,.T.) ;
#1649=ORIENTED_EDGE('',*,*,#1646,.T.) ;
#1650=ORIENTED_EDGE('',*,*,#1617,.F.) ;
#1651=ORIENTED_EDGE('',*,*,#1596,.F.) ;
#1679=ORIENTED_EDGE('',*,*,#1665,.F.) ;
#1680=ORIENTED_EDGE('',*,*,#1624,.F.) ;
#1681=ORIENTED_EDGE('',*,*,#1672,.T.) ;
#1682=ORIENTED_EDGE('',*,*,#1677,.T.) ;
#1691=ORIENTED_EDGE('',*,*,#1672,.F.) ;
#1692=ORIENTED_EDGE('',*,*,#1646,.F.) ;
#1693=ORIENTED_EDGE('',*,*,#1665,.T.) ;
#1694=ORIENTED_EDGE('',*,*,#1689,.T.) ;
#1722=ORIENTED_EDGE('',*,*,#1677,.F.) ;
#1723=ORIENTED_EDGE('',*,*,#1708,.T.) ;
#1724=ORIENTED_EDGE('',*,*,#1715,.T.) ;
#1725=ORIENTED_EDGE('',*,*,#1720,.F.) ;
#1739=ORIENTED_EDGE('',*,*,#1689,.F.) ;
#1740=ORIENTED_EDGE('',*,*,#1720,.T.) ;
#1741=ORIENTED_EDGE('',*,*,#1737,.T.) ;
#1742=ORIENTED_EDGE('',*,*,#1708,.F.) ;
#1799=ORIENTED_EDGE('',*,*,#1761,.T.) ;
#1800=ORIENTED_EDGE('',*,*,#1768,.T.) ;
#1801=ORIENTED_EDGE('',*,*,#1775,.T.) ;
#1802=ORIENTED_EDGE('',*,*,#1782,.F.) ;
#1803=ORIENTED_EDGE('',*,*,#1792,.F.) ;
#1804=ORIENTED_EDGE('',*,*,#1797,.F.) ;
#1807=ORIENTED_EDGE('',*,*,#1737,.F.) ;
#1808=ORIENTED_EDGE('',*,*,#1715,.F.) ;
#1831=ORIENTED_EDGE('',*,*,#1822,.T.) ;
#1832=ORIENTED_EDGE('',*,*,#1829,.T.) ;
#1833=ORIENTED_EDGE('',*,*,#1761,.F.) ;
#1871=ORIENTED_EDGE('',*,*,#1849,.F.) ;
#1872=ORIENTED_EDGE('',*,*,#1854,.F.) ;
#1873=ORIENTED_EDGE('',*,*,#1768,.F.) ;
#1874=ORIENTED_EDGE('',*,*,#1829,.F.) ;
#1875=ORIENTED_EDGE('',*,*,#1861,.F.) ;
#1876=ORIENTED_EDGE('',*,*,#1869,.T.) ;
#1897=ORIENTED_EDGE('',*,*,#1775,.F.) ;
#1898=ORIENTED_EDGE('',*,*,#1854,.T.) ;
#1899=ORIENTED_EDGE('',*,*,#1890,.T.) ;
#1900=ORIENTED_EDGE('',*,*,#1895,.F.) ;
#1931=ORIENTED_EDGE('',*,*,#1910,.F.) ;
#1932=ORIENTED_EDGE('',*,*,#1917,.F.) ;
#1933=ORIENTED_EDGE('',*,*,#1924,.F.) ;
#1934=ORIENTED_EDGE('',*,*,#1929,.F.) ;
#1965=ORIENTED_EDGE('',*,*,#1944,.F.) ;
#1966=ORIENTED_EDGE('',*,*,#1951,.F.) ;
#1967=ORIENTED_EDGE('',*,*,#1958,.F.) ;
#1968=ORIENTED_EDGE('',*,*,#1963,.F.) ;
#1985=ORIENTED_EDGE('',*,*,#1978,.T.) ;
#1986=ORIENTED_EDGE('',*,*,#1983,.T.) ;
#2017=ORIENTED_EDGE('',*,*,#1996,.F.) ;
#2018=ORIENTED_EDGE('',*,*,#2003,.F.) ;
#2019=ORIENTED_EDGE('',*,*,#2010,.F.) ;
#2020=ORIENTED_EDGE('',*,*,#2015,.F.) ;
#2051=ORIENTED_EDGE('',*,*,#2030,.F.) ;
#2052=ORIENTED_EDGE('',*,*,#2037,.F.) ;
#2053=ORIENTED_EDGE('',*,*,#2044,.F.) ;
#2054=ORIENTED_EDGE('',*,*,#2049,.F.) ;
#2095=ORIENTED_EDGE('',*,*,#2073,.F.) ;
#2096=ORIENTED_EDGE('',*,*,#2080,.T.) ;
#2097=ORIENTED_EDGE('',*,*,#2088,.T.) ;
#2098=ORIENTED_EDGE('',*,*,#1782,.T.) ;
#2099=ORIENTED_EDGE('',*,*,#1895,.T.) ;
#2100=ORIENTED_EDGE('',*,*,#2093,.T.) ;
#2109=ORIENTED_EDGE('',*,*,#2107,.T.) ;
#2110=ORIENTED_EDGE('',*,*,#1792,.T.) ;
#2111=ORIENTED_EDGE('',*,*,#2088,.F.) ;
#2139=ORIENTED_EDGE('',*,*,#2080,.F.) ;
#2140=ORIENTED_EDGE('',*,*,#2125,.F.) ;
#2141=ORIENTED_EDGE('',*,*,#2132,.F.) ;
#2142=ORIENTED_EDGE('',*,*,#2137,.F.) ;
#2143=ORIENTED_EDGE('',*,*,#1861,.T.) ;
#2144=ORIENTED_EDGE('',*,*,#1822,.F.) ;
#2145=ORIENTED_EDGE('',*,*,#1797,.T.) ;
#2146=ORIENTED_EDGE('',*,*,#2107,.F.) ;
#2157=ORIENTED_EDGE('',*,*,#2137,.T.) ;
#2158=ORIENTED_EDGE('',*,*,#2155,.T.) ;
#2159=ORIENTED_EDGE('',*,*,#1869,.F.) ;
#2176=ORIENTED_EDGE('',*,*,#2132,.T.) ;
#2177=ORIENTED_EDGE('',*,*,#2174,.T.) ;
#2178=ORIENTED_EDGE('',*,*,#2093,.F.) ;
#2179=ORIENTED_EDGE('',*,*,#1890,.F.) ;
#2180=ORIENTED_EDGE('',*,*,#1849,.T.) ;
#2181=ORIENTED_EDGE('',*,*,#2155,.F.) ;
#2209=ORIENTED_EDGE('',*,*,#2195,.F.) ;
#2210=ORIENTED_EDGE('',*,*,#1910,.T.) ;
#2211=ORIENTED_EDGE('',*,*,#2202,.T.) ;
#2212=ORIENTED_EDGE('',*,*,#2207,.F.) ;
#2233=ORIENTED_EDGE('',*,*,#2226,.F.) ;
#2234=ORIENTED_EDGE('',*,*,#1917,.T.) ;
#2235=ORIENTED_EDGE('',*,*,#2195,.T.) ;
#2236=ORIENTED_EDGE('',*,*,#2231,.F.) ;
#2257=ORIENTED_EDGE('',*,*,#2250,.F.) ;
#2258=ORIENTED_EDGE('',*,*,#1924,.T.) ;
#2259=ORIENTED_EDGE('',*,*,#2226,.T.) ;
#2260=ORIENTED_EDGE('',*,*,#2255,.F.) ;
#2274=ORIENTED_EDGE('',*,*,#2202,.F.) ;
#2275=ORIENTED_EDGE('',*,*,#1929,.T.) ;
#2276=ORIENTED_EDGE('',*,*,#2250,.T.) ;
#2277=ORIENTED_EDGE('',*,*,#2272,.F.) ;
#2300=ORIENTED_EDGE('',*,*,#2286,.F.) ;
#2301=ORIENTED_EDGE('',*,*,#1944,.T.) ;
#2302=ORIENTED_EDGE('',*,*,#2293,.T.) ;
#2303=ORIENTED_EDGE('',*,*,#2298,.F.) ;
#2324=ORIENTED_EDGE('',*,*,#2317,.F.) ;
#2325=ORIENTED_EDGE('',*,*,#1951,.T.) ;
#2326=ORIENTED_EDGE('',*,*,#2286,.T.) ;
#2327=ORIENTED_EDGE('',*,*,#2322,.F.) ;
#2343=ORIENTED_EDGE('',*,*,#2336,.F.) ;
#2344=ORIENTED_EDGE('',*,*,#1958,.T.) ;
#2345=ORIENTED_EDGE('',*,*,#2317,.T.) ;
#2346=ORIENTED_EDGE('',*,*,#2341,.F.) ;
#2360=ORIENTED_EDGE('',*,*,#2293,.F.) ;
#2361=ORIENTED_EDGE('',*,*,#1963,.T.) ;
#2362=ORIENTED_EDGE('',*,*,#2336,.T.) ;
#2363=ORIENTED_EDGE('',*,*,#2358,.F.) ;
#2382=ORIENTED_EDGE('',*,*,#70,.F.) ;
#2383=ORIENTED_EDGE('',*,*,#2375,.T.) ;
#2384=ORIENTED_EDGE('',*,*,#1978,.F.) ;
#2385=ORIENTED_EDGE('',*,*,#2380,.F.) ;
#2389=ORIENTED_EDGE('',*,*,#65,.F.) ;
#2390=ORIENTED_EDGE('',*,*,#2380,.T.) ;
#2391=ORIENTED_EDGE('',*,*,#1983,.F.) ;
#2392=ORIENTED_EDGE('',*,*,#2375,.F.) ;
#2420=ORIENTED_EDGE('',*,*,#2406,.F.) ;
#2421=ORIENTED_EDGE('',*,*,#1996,.T.) ;
#2422=ORIENTED_EDGE('',*,*,#2413,.T.) ;
#2423=ORIENTED_EDGE('',*,*,#2418,.F.) ;
#2444=ORIENTED_EDGE('',*,*,#2437,.F.) ;
#2445=ORIENTED_EDGE('',*,*,#2003,.T.) ;
#2446=ORIENTED_EDGE('',*,*,#2406,.T.) ;
#2447=ORIENTED_EDGE('',*,*,#2442,.F.) ;
#2468=ORIENTED_EDGE('',*,*,#2461,.F.) ;
#2469=ORIENTED_EDGE('',*,*,#2010,.T.) ;
#2470=ORIENTED_EDGE('',*,*,#2437,.T.) ;
#2471=ORIENTED_EDGE('',*,*,#2466,.F.) ;
#2485=ORIENTED_EDGE('',*,*,#2413,.F.) ;
#2486=ORIENTED_EDGE('',*,*,#2015,.T.) ;
#2487=ORIENTED_EDGE('',*,*,#2461,.T.) ;
#2488=ORIENTED_EDGE('',*,*,#2483,.F.) ;
#2516=ORIENTED_EDGE('',*,*,#2502,.F.) ;
#2517=ORIENTED_EDGE('',*,*,#2030,.T.) ;
#2518=ORIENTED_EDGE('',*,*,#2509,.T.) ;
#2519=ORIENTED_EDGE('',*,*,#2514,.F.) ;
#2535=ORIENTED_EDGE('',*,*,#2528,.F.) ;
#2536=ORIENTED_EDGE('',*,*,#2037,.T.) ;
#2537=ORIENTED_EDGE('',*,*,#2502,.T.) ;
#2538=ORIENTED_EDGE('',*,*,#2533,.F.) ;
#2559=ORIENTED_EDGE('',*,*,#2552,.F.) ;
#2560=ORIENTED_EDGE('',*,*,#2044,.T.) ;
#2561=ORIENTED_EDGE('',*,*,#2528,.T.) ;
#2562=ORIENTED_EDGE('',*,*,#2557,.F.) ;
#2571=ORIENTED_EDGE('',*,*,#2509,.F.) ;
#2572=ORIENTED_EDGE('',*,*,#2049,.T.) ;
#2573=ORIENTED_EDGE('',*,*,#2552,.T.) ;
#2574=ORIENTED_EDGE('',*,*,#2569,.F.) ;
#2578=ORIENTED_EDGE('',*,*,#2125,.T.) ;
#2579=ORIENTED_EDGE('',*,*,#2073,.T.) ;
#2580=ORIENTED_EDGE('',*,*,#2174,.F.) ;
#2589=ORIENTED_EDGE('',*,*,#2255,.T.) ;
#2590=ORIENTED_EDGE('',*,*,#2231,.T.) ;
#2591=ORIENTED_EDGE('',*,*,#2207,.T.) ;
#2592=ORIENTED_EDGE('',*,*,#2272,.T.) ;
#2596=ORIENTED_EDGE('',*,*,#2341,.T.) ;
#2597=ORIENTED_EDGE('',*,*,#2322,.T.) ;
#2598=ORIENTED_EDGE('',*,*,#2298,.T.) ;
#2599=ORIENTED_EDGE('',*,*,#2358,.T.) ;
#2603=ORIENTED_EDGE('',*,*,#2466,.T.) ;
#2604=ORIENTED_EDGE('',*,*,#2442,.T.) ;
#2605=ORIENTED_EDGE('',*,*,#2418,.T.) ;
#2606=ORIENTED_EDGE('',*,*,#2483,.T.) ;
#2610=ORIENTED_EDGE('',*,*,#2557,.T.) ;
#2611=ORIENTED_EDGE('',*,*,#2533,.T.) ;
#2612=ORIENTED_EDGE('',*,*,#2514,.T.) ;
#2613=ORIENTED_EDGE('',*,*,#2569,.T.) ;
#2636=ORIENTED_EDGE('',*,*,#2629,.F.) ;
#2637=ORIENTED_EDGE('',*,*,#2634,.F.) ;
#2665=ORIENTED_EDGE('',*,*,#2651,.F.) ;
#2666=ORIENTED_EDGE('',*,*,#2634,.T.) ;
#2667=ORIENTED_EDGE('',*,*,#2658,.T.) ;
#2668=ORIENTED_EDGE('',*,*,#2663,.F.) ;
#2677=ORIENTED_EDGE('',*,*,#2658,.F.) ;
#2678=ORIENTED_EDGE('',*,*,#2629,.T.) ;
#2679=ORIENTED_EDGE('',*,*,#2651,.T.) ;
#2680=ORIENTED_EDGE('',*,*,#2675,.F.) ;
#2703=ORIENTED_EDGE('',*,*,#2696,.F.) ;
#2704=ORIENTED_EDGE('',*,*,#2701,.F.) ;
#2707=ORIENTED_EDGE('',*,*,#2663,.T.) ;
#2708=ORIENTED_EDGE('',*,*,#2675,.T.) ;
#2727=ORIENTED_EDGE('',*,*,#2720,.T.) ;
#2728=ORIENTED_EDGE('',*,*,#2696,.T.) ;
#2729=ORIENTED_EDGE('',*,*,#2725,.F.) ;
#2730=ORIENTED_EDGE('',*,*,#83,.T.) ;
#2734=ORIENTED_EDGE('',*,*,#2725,.T.) ;
#2735=ORIENTED_EDGE('',*,*,#2701,.T.) ;
#2736=ORIENTED_EDGE('',*,*,#2720,.F.) ;
#2737=ORIENTED_EDGE('',*,*,#88,.T.) ;
#92=FACE_BOUND('',#89,.T.) ;
#908=FACE_BOUND('',#905,.T.) ;
#1404=FACE_BOUND('',#1401,.T.) ;
#1604=FACE_BOUND('',#1601,.T.) ;
#1809=FACE_BOUND('',#1806,.T.) ;
#1935=FACE_BOUND('',#1930,.T.) ;
#1969=FACE_BOUND('',#1964,.T.) ;
#1987=FACE_BOUND('',#1984,.T.) ;
#2021=FACE_BOUND('',#2016,.T.) ;
#2055=FACE_BOUND('',#2050,.T.) ;
#2709=FACE_BOUND('',#2706,.T.) ;
#51=CLOSED_SHELL('Closed Shell',(#93,#133,#252,#303,#327,#371,#410,#508,#540,#591,#610,#661,#680,#692,#712,#725,#806,#830,#849,#868,#881,#909,#936,#955,#997,#1016,#1035,#1086,#1105,#1149,#1161,#1173,#1213,#1220,#1227,#1234,#1253,#1284,#1315,#1327,#1341,#1348,#1355,#1367,#1377,#1405,#1436,#1448,#1479,#1491,#1522,#1534,#1565,#1577,#1605,#1636,#1653,#1684,#1696,#1727,#1744,#1810,#1835,#1878,#2056,#2102,#2113,#2148,#2161,#2183,#2214,#2238,#2262,#2279,#2305,#2329,#2348,#2365,#2387,#2394,#2425,#2449,#2473,#2490,#2521,#2540,#2564,#2576,#2582,#2594,#2601,#2608,#2615,#2639,#2670,#2682,#2710,#2732,#2739)) ;
#101=VECTOR('Line Direction',#100,1.) ;
#117=VECTOR('Line Direction',#116,1.) ;
#150=VECTOR('Line Direction',#149,1.) ;
#226=VECTOR('Line Direction',#225,1.) ;
#260=VECTOR('Line Direction',#259,1.) ;
#267=VECTOR('Line Direction',#266,1.) ;
#284=VECTOR('Line Direction',#283,1.) ;
#291=VECTOR('Line Direction',#290,1.) ;
#311=VECTOR('Line Direction',#310,1.) ;
#335=VECTOR('Line Direction',#334,1.) ;
#342=VECTOR('Line Direction',#341,1.) ;
#359=VECTOR('Line Direction',#358,1.) ;
#379=VECTOR('Line Direction',#378,1.) ;
#395=VECTOR('Line Direction',#394,1.) ;
#516=VECTOR('Line Direction',#515,1.) ;
#530=VECTOR('Line Direction',#529,1.) ;
#548=VECTOR('Line Direction',#547,1.) ;
#557=VECTOR('Line Direction',#556,1.) ;
#574=VECTOR('Line Direction',#573,1.) ;
#579=VECTOR('Line Direction',#578,1.) ;
#594=VECTOR('Line Direction',#593,1.) ;
#618=VECTOR('Line Direction',#617,1.) ;
#625=VECTOR('Line Direction',#624,1.) ;
#642=VECTOR('Line Direction',#641,1.) ;
#649=VECTOR('Line Direction',#648,1.) ;
#664=VECTOR('Line Direction',#663,1.) ;
#695=VECTOR('Line Direction',#694,1.) ;
#733=VECTOR('Line Direction',#732,1.) ;
#749=VECTOR('Line Direction',#748,1.) ;
#763=VECTOR('Line Direction',#762,1.) ;
#777=VECTOR('Line Direction',#776,1.) ;
#814=VECTOR('Line Direction',#813,1.) ;
#852=VECTOR('Line Direction',#851,1.) ;
#917=VECTOR('Line Direction',#916,1.) ;
#924=VECTOR('Line Direction',#923,1.) ;
#939=VECTOR('Line Direction',#938,1.) ;
#963=VECTOR('Line Direction',#962,1.) ;
#970=VECTOR('Line Direction',#969,1.) ;
#985=VECTOR('Line Direction',#984,1.) ;
#1000=VECTOR('Line Direction',#999,1.) ;
#1019=VECTOR('Line Direction',#1018,1.) ;
#1043=VECTOR('Line Direction',#1042,1.) ;
#1052=VECTOR('Line Direction',#1051,1.) ;
#1069=VECTOR('Line Direction',#1068,1.) ;
#1074=VECTOR('Line Direction',#1073,1.) ;
#1089=VECTOR('Line Direction',#1088,1.) ;
#1113=VECTOR('Line Direction',#1112,1.) ;
#1130=VECTOR('Line Direction',#1129,1.) ;
#1137=VECTOR('Line Direction',#1136,1.) ;
#1244=VECTOR('Line Direction',#1243,1.) ;
#1270=VECTOR('Line Direction',#1269,1.) ;
#1275=VECTOR('Line Direction',#1274,1.) ;
#1301=VECTOR('Line Direction',#1300,1.) ;
#1306=VECTOR('Line Direction',#1305,1.) ;
#1413=VECTOR('Line Direction',#1412,1.) ;
#1427=VECTOR('Line Direction',#1426,1.) ;
#1456=VECTOR('Line Direction',#1455,1.) ;
#1470=VECTOR('Line Direction',#1469,1.) ;
#1499=VECTOR('Line Direction',#1498,1.) ;
#1513=VECTOR('Line Direction',#1512,1.) ;
#1542=VECTOR('Line Direction',#1541,1.) ;
#1556=VECTOR('Line Direction',#1555,1.) ;
#1613=VECTOR('Line Direction',#1612,1.) ;
#1627=VECTOR('Line Direction',#1626,1.) ;
#1661=VECTOR('Line Direction',#1660,1.) ;
#1668=VECTOR('Line Direction',#1667,1.) ;
#1704=VECTOR('Line Direction',#1703,1.) ;
#1718=VECTOR('Line Direction',#1717,1.) ;
#1764=VECTOR('Line Direction',#1763,1.) ;
#1771=VECTOR('Line Direction',#1770,1.) ;
#1778=VECTOR('Line Direction',#1777,1.) ;
#1795=VECTOR('Line Direction',#1794,1.) ;
#1843=VECTOR('Line Direction',#1842,1.) ;
#1852=VECTOR('Line Direction',#1851,1.) ;
#1857=VECTOR('Line Direction',#1856,1.) ;
#1886=VECTOR('Line Direction',#1885,1.) ;
#1893=VECTOR('Line Direction',#1892,1.) ;
#1904=VECTOR('Line Direction',#1903,1.) ;
#1913=VECTOR('Line Direction',#1912,1.) ;
#1920=VECTOR('Line Direction',#1919,1.) ;
#1927=VECTOR('Line Direction',#1926,1.) ;
#1938=VECTOR('Line Direction',#1937,1.) ;
#1947=VECTOR('Line Direction',#1946,1.) ;
#1954=VECTOR('Line Direction',#1953,1.) ;
#1961=VECTOR('Line Direction',#1960,1.) ;
#1990=VECTOR('Line Direction',#1989,1.) ;
#1999=VECTOR('Line Direction',#1998,1.) ;
#2006=VECTOR('Line Direction',#2005,1.) ;
#2013=VECTOR('Line Direction',#2012,1.) ;
#2024=VECTOR('Line Direction',#2023,1.) ;
#2033=VECTOR('Line Direction',#2032,1.) ;
#2040=VECTOR('Line Direction',#2039,1.) ;
#2047=VECTOR('Line Direction',#2046,1.) ;
#2076=VECTOR('Line Direction',#2075,1.) ;
#2091=VECTOR('Line Direction',#2090,1.) ;
#2128=VECTOR('Line Direction',#2127,1.) ;
#2191=VECTOR('Line Direction',#2190,1.) ;
#2198=VECTOR('Line Direction',#2197,1.) ;
#2205=VECTOR('Line Direction',#2204,1.) ;
#2222=VECTOR('Line Direction',#2221,1.) ;
#2229=VECTOR('Line Direction',#2228,1.) ;
#2246=VECTOR('Line Direction',#2245,1.) ;
#2253=VECTOR('Line Direction',#2252,1.) ;
#2270=VECTOR('Line Direction',#2269,1.) ;
#2282=VECTOR('Line Direction',#2281,1.) ;
#2289=VECTOR('Line Direction',#2288,1.) ;
#2296=VECTOR('Line Direction',#2295,1.) ;
#2313=VECTOR('Line Direction',#2312,1.) ;
#2320=VECTOR('Line Direction',#2319,1.) ;
#2332=VECTOR('Line Direction',#2331,1.) ;
#2339=VECTOR('Line Direction',#2338,1.) ;
#2356=VECTOR('Line Direction',#2355,1.) ;
#2373=VECTOR('Line Direction',#2372,1.) ;
#2378=VECTOR('Line Direction',#2377,1.) ;
#2402=VECTOR('Line Direction',#2401,1.) ;
#2409=VECTOR('Line Direction',#2408,1.) ;
#2416=VECTOR('Line Direction',#2415,1.) ;
#2433=VECTOR('Line Direction',#2432,1.) ;
#2440=VECTOR('Line Direction',#2439,1.) ;
#2457=VECTOR('Line Direction',#2456,1.) ;
#2464=VECTOR('Line Direction',#2463,1.) ;
#2481=VECTOR('Line Direction',#2480,1.) ;
#2498=VECTOR('Line Direction',#2497,1.) ;
#2505=VECTOR('Line Direction',#2504,1.) ;
#2512=VECTOR('Line Direction',#2511,1.) ;
#2524=VECTOR('Line Direction',#2523,1.) ;
#2531=VECTOR('Line Direction',#2530,1.) ;
#2548=VECTOR('Line Direction',#2547,1.) ;
#2555=VECTOR('Line Direction',#2554,1.) ;
#2567=VECTOR('Line Direction',#2566,1.) ;
#2647=VECTOR('Line Direction',#2646,1.) ;
#2654=VECTOR('Line Direction',#2653,1.) ;
#2718=VECTOR('Line Direction',#2717,1.) ;
#2723=VECTOR('Line Direction',#2722,1.) ;
#2741=ADVANCED_BREP_SHAPE_REPRESENTATION('NONE',(#2740),#46) ;
#49=SHAPE_REPRESENTATION(' ',(#48),#46) ;
#93=ADVANCED_FACE('',(#74,#92),#56,.T.) ;
#133=ADVANCED_FACE('',(#132),#98,.F.) ;
#252=ADVANCED_FACE('',(#251),#138,.F.) ;
#303=ADVANCED_FACE('',(#302),#257,.T.) ;
#327=ADVANCED_FACE('',(#326),#308,.T.) ;
#371=ADVANCED_FACE('',(#370),#332,.T.) ;
#410=ADVANCED_FACE('',(#409),#376,.F.) ;
#508=ADVANCED_FACE('',(#507),#138,.F.) ;
#540=ADVANCED_FACE('',(#539),#513,.T.) ;
#591=ADVANCED_FACE('',(#590),#545,.T.) ;
#610=ADVANCED_FACE('',(#609),#98,.F.) ;
#661=ADVANCED_FACE('',(#660),#615,.T.) ;
#680=ADVANCED_FACE('',(#679),#513,.T.) ;
#692=ADVANCED_FACE('',(#691),#513,.T.) ;
#712=ADVANCED_FACE('',(#711),#513,.T.) ;
#725=ADVANCED_FACE('',(#724),#376,.F.) ;
#806=ADVANCED_FACE('',(#805),#730,.F.) ;
#830=ADVANCED_FACE('',(#829),#811,.F.) ;
#849=ADVANCED_FACE('',(#848),#835,.F.) ;
#868=ADVANCED_FACE('',(#867),#835,.F.) ;
#881=ADVANCED_FACE('',(#880),#811,.F.) ;
#909=ADVANCED_FACE('',(#904,#908),#886,.F.) ;
#936=ADVANCED_FACE('',(#935),#914,.T.) ;
#955=ADVANCED_FACE('',(#954),#98,.F.) ;
#997=ADVANCED_FACE('',(#996),#960,.T.) ;
#1016=ADVANCED_FACE('',(#1015),#513,.T.) ;
#1035=ADVANCED_FACE('',(#1034),#513,.T.) ;
#1086=ADVANCED_FACE('',(#1085),#1040,.T.) ;
#1105=ADVANCED_FACE('',(#1104),#98,.F.) ;
#1149=ADVANCED_FACE('',(#1148),#1110,.T.) ;
#1161=ADVANCED_FACE('',(#1160),#835,.F.) ;
#1173=ADVANCED_FACE('',(#1172),#308,.T.) ;
#1213=ADVANCED_FACE('',(#1212),#730,.F.) ;
#1220=ADVANCED_FACE('',(#1219),#811,.F.) ;
#1227=ADVANCED_FACE('',(#1226),#811,.F.) ;
#1234=ADVANCED_FACE('',(#1233),#308,.T.) ;
#1253=ADVANCED_FACE('',(#1252),#811,.F.) ;
#1284=ADVANCED_FACE('',(#1283),#1258,.F.) ;
#1315=ADVANCED_FACE('',(#1314),#1289,.T.) ;
#1327=ADVANCED_FACE('',(#1326),#1289,.T.) ;
#1341=ADVANCED_FACE('',(#1340),#835,.F.) ;
#1348=ADVANCED_FACE('',(#1347),#308,.T.) ;
#1355=ADVANCED_FACE('',(#1354),#811,.F.) ;
#1367=ADVANCED_FACE('',(#1366),#1258,.F.) ;
#1377=ADVANCED_FACE('',(#1376),#1372,.T.) ;
#1405=ADVANCED_FACE('',(#1400,#1404),#1382,.F.) ;
#1436=ADVANCED_FACE('',(#1435),#1410,.F.) ;
#1448=ADVANCED_FACE('',(#1447),#1410,.F.) ;
#1479=ADVANCED_FACE('',(#1478),#1453,.F.) ;
#1491=ADVANCED_FACE('',(#1490),#1453,.F.) ;
#1522=ADVANCED_FACE('',(#1521),#1496,.F.) ;
#1534=ADVANCED_FACE('',(#1533),#1496,.F.) ;
#1565=ADVANCED_FACE('',(#1564),#1539,.F.) ;
#1577=ADVANCED_FACE('',(#1576),#1539,.F.) ;
#1605=ADVANCED_FACE('',(#1600,#1604),#1582,.T.) ;
#1636=ADVANCED_FACE('',(#1635),#1610,.T.) ;
#1653=ADVANCED_FACE('',(#1652),#1641,.T.) ;
#1684=ADVANCED_FACE('',(#1683),#1658,.T.) ;
#1696=ADVANCED_FACE('',(#1695),#1658,.T.) ;
#1727=ADVANCED_FACE('',(#1726),#1701,.F.) ;
#1744=ADVANCED_FACE('',(#1743),#1732,.F.) ;
#1810=ADVANCED_FACE('',(#1805,#1809),#1749,.T.) ;
#1835=ADVANCED_FACE('',(#1834),#1815,.T.) ;
#1878=ADVANCED_FACE('',(#1877),#1840,.F.) ;
#2056=ADVANCED_FACE('',(#1901,#1935,#1969,#1987,#2021,#2055),#1883,.F.) ;
#2102=ADVANCED_FACE('',(#2101),#2061,.T.) ;
#2113=ADVANCED_FACE('',(#2112),#1815,.T.) ;
#2148=ADVANCED_FACE('',(#2147),#2118,.F.) ;
#2161=ADVANCED_FACE('',(#2160),#1815,.T.) ;
#2183=ADVANCED_FACE('',(#2182),#2166,.T.) ;
#2214=ADVANCED_FACE('',(#2213),#2188,.T.) ;
#2238=ADVANCED_FACE('',(#2237),#2219,.F.) ;
#2262=ADVANCED_FACE('',(#2261),#2243,.T.) ;
#2279=ADVANCED_FACE('',(#2278),#2267,.F.) ;
#2305=ADVANCED_FACE('',(#2304),#2188,.T.) ;
#2329=ADVANCED_FACE('',(#2328),#2310,.F.) ;
#2348=ADVANCED_FACE('',(#2347),#2243,.T.) ;
#2365=ADVANCED_FACE('',(#2364),#2353,.F.) ;
#2387=ADVANCED_FACE('',(#2386),#2370,.F.) ;
#2394=ADVANCED_FACE('',(#2393),#2370,.F.) ;
#2425=ADVANCED_FACE('',(#2424),#2399,.T.) ;
#2449=ADVANCED_FACE('',(#2448),#2430,.F.) ;
#2473=ADVANCED_FACE('',(#2472),#2454,.T.) ;
#2490=ADVANCED_FACE('',(#2489),#2478,.F.) ;
#2521=ADVANCED_FACE('',(#2520),#2495,.T.) ;
#2540=ADVANCED_FACE('',(#2539),#2310,.F.) ;
#2564=ADVANCED_FACE('',(#2563),#2545,.T.) ;
#2576=ADVANCED_FACE('',(#2575),#2353,.F.) ;
#2582=ADVANCED_FACE('',(#2581),#1815,.T.) ;
#2594=ADVANCED_FACE('',(#2593),#2587,.T.) ;
#2601=ADVANCED_FACE('',(#2600),#2587,.T.) ;
#2608=ADVANCED_FACE('',(#2607),#2587,.T.) ;
#2615=ADVANCED_FACE('',(#2614),#2587,.T.) ;
#2639=ADVANCED_FACE('',(#2638),#2620,.F.) ;
#2670=ADVANCED_FACE('',(#2669),#2644,.T.) ;
#2682=ADVANCED_FACE('',(#2681),#2644,.T.) ;
#2710=ADVANCED_FACE('',(#2705,#2709),#2687,.F.) ;
#2732=ADVANCED_FACE('',(#2731),#2715,.T.) ;
#2739=ADVANCED_FACE('',(#2738),#2715,.T.) ;
#4=APPLICATION_PROTOCOL_DEFINITION('international standard','config_control_design',1994,#1) ;
#32=APPROVAL_DATE_TIME(#13,#21) ;
#162=B_SPLINE_CURVE_WITH_KNOTS('',4,(#163,#164,#165,#166,#167),.UNSPECIFIED.,.F.,.U.,(5,5),(0.,7.70014198433),.UNSPECIFIED.) ;
#169=B_SPLINE_CURVE_WITH_KNOTS('',4,(#170,#171,#172,#173,#174),.UNSPECIFIED.,.F.,.U.,(5,5),(0.,7.70014198326),.UNSPECIFIED.) ;
#192=B_SPLINE_CURVE_WITH_KNOTS('',4,(#193,#194,#195,#196,#197),.UNSPECIFIED.,.F.,.U.,(5,5),(0.,7.70014198275),.UNSPECIFIED.) ;
#208=B_SPLINE_CURVE_WITH_KNOTS('',4,(#209,#210,#211,#212,#213),.UNSPECIFIED.,.F.,.U.,(5,5),(0.,7.7001419836),.UNSPECIFIED.) ;
#272=B_SPLINE_CURVE_WITH_KNOTS('',5,(#273,#274,#275,#276,#277,#278),.UNSPECIFIED.,.F.,.U.,(6,6),(0.,7.20189658559),.UNSPECIFIED.) ;
#347=B_SPLINE_CURVE_WITH_KNOTS('',5,(#348,#349,#350,#351,#352,#353),.UNSPECIFIED.,.F.,.U.,(6,6),(0.,7.20189658559),.UNSPECIFIED.) ;
#423=B_SPLINE_CURVE_WITH_KNOTS('',4,(#424,#425,#426,#427,#428),.UNSPECIFIED.,.F.,.U.,(5,5),(0.,7.7001419843),.UNSPECIFIED.) ;
#439=B_SPLINE_CURVE_WITH_KNOTS('',4,(#440,#441,#442,#443,#444),.UNSPECIFIED.,.F.,.U.,(5,5),(0.,7.70014198332),.UNSPECIFIED.) ;
#462=B_SPLINE_CURVE_WITH_KNOTS('',4,(#463,#464,#465,#466,#467),.UNSPECIFIED.,.F.,.U.,(5,5),(0.,7.70014198364),.UNSPECIFIED.) ;
#478=B_SPLINE_CURVE_WITH_KNOTS('',4,(#479,#480,#481,#482,#483),.UNSPECIFIED.,.F.,.U.,(5,5),(0.,7.70014198356),.UNSPECIFIED.) ;
#562=B_SPLINE_CURVE_WITH_KNOTS('',5,(#563,#564,#565,#566,#567,#568),.UNSPECIFIED.,.F.,.U.,(6,6),(0.,7.20189658559),.UNSPECIFIED.) ;
#630=B_SPLINE_CURVE_WITH_KNOTS('',5,(#631,#632,#633,#634,#635,#636),.UNSPECIFIED.,.F.,.U.,(6,6),(0.,7.20189658559),.UNSPECIFIED.) ;
#869=B_SPLINE_CURVE_WITH_KNOTS('',3,(#870,#871,#872,#873),.UNSPECIFIED.,.F.,.U.,(4,4),(0.,7.20189658559),.UNSPECIFIED.) ;
#975=B_SPLINE_CURVE_WITH_KNOTS('',5,(#976,#977,#978,#979,#980,#981),.UNSPECIFIED.,.F.,.U.,(6,6),(0.,7.20189658559),.UNSPECIFIED.) ;
#1057=B_SPLINE_CURVE_WITH_KNOTS('',5,(#1058,#1059,#1060,#1061,#1062,#1063),.UNSPECIFIED.,.F.,.U.,(6,6),(0.,7.20189658559),.UNSPECIFIED.) ;
#1118=B_SPLINE_CURVE_WITH_KNOTS('',5,(#1119,#1120,#1121,#1122,#1123,#1124),.UNSPECIFIED.,.F.,.U.,(6,6),(0.,7.20189658559),.UNSPECIFIED.) ;
#1750=B_SPLINE_CURVE_WITH_KNOTS('',5,(#1751,#1752,#1753,#1754,#1755,#1756),.UNSPECIFIED.,.F.,.U.,(6,6),(0.,28.3968989715),.UNSPECIFIED.) ;
#1783=B_SPLINE_CURVE_WITH_KNOTS('',5,(#1784,#1785,#1786,#1787,#1788,#1789),.UNSPECIFIED.,.F.,.U.,(6,6),(0.,28.3968989705),.UNSPECIFIED.) ;
#1823=B_SPLINE_CURVE_WITH_KNOTS('',4,(#1824,#1825,#1826,#1827,#1828),.UNSPECIFIED.,.F.,.U.,(5,5),(0.,28.3968989603),.UNSPECIFIED.) ;
#1862=B_SPLINE_CURVE_WITH_KNOTS('',5,(#1863,#1864,#1865,#1866,#1867,#1868),.UNSPECIFIED.,.F.,.U.,(6,6),(0.,28.396898977),.UNSPECIFIED.) ;
#2062=B_SPLINE_CURVE_WITH_KNOTS('',5,(#2063,#2064,#2065,#2066,#2067,#2068),.UNSPECIFIED.,.F.,.U.,(6,6),(0.,28.3968989744),.UNSPECIFIED.) ;
#2081=B_SPLINE_CURVE_WITH_KNOTS('',5,(#2082,#2083,#2084,#2085,#2086,#2087),.UNSPECIFIED.,.F.,.U.,(6,6),(0.,28.3968989689),.UNSPECIFIED.) ;
#2149=B_SPLINE_CURVE_WITH_KNOTS('',4,(#2150,#2151,#2152,#2153,#2154),.UNSPECIFIED.,.F.,.U.,(5,5),(0.,28.3968989694),.UNSPECIFIED.) ;
#2167=B_SPLINE_CURVE_WITH_KNOTS('',5,(#2168,#2169,#2170,#2171,#2172,#2173),.UNSPECIFIED.,.F.,.U.,(6,6),(0.,28.3968989711),.UNSPECIFIED.) ;
#2740=MANIFOLD_SOLID_BREP('PartBody',#51) ;
#11=CALENDAR_DATE(2012,12,9) ;
#30=CC_DESIGN_APPROVAL(#21,(#16,#6,#14)) ;
#18=CC_DESIGN_DATE_AND_TIME_ASSIGNMENT(#13,#17,(#16)) ;
#29=CC_DESIGN_DATE_AND_TIME_ASSIGNMENT(#13,#28,(#14)) ;
#17=DATE_TIME_ROLE('classification_date') ;
#28=DATE_TIME_ROLE('creation_date') ;
#27=CC_DESIGN_PERSON_AND_ORGANIZATION_ASSIGNMENT(#25,#26,(#16)) ;
#33=CC_DESIGN_PERSON_AND_ORGANIZATION_ASSIGNMENT(#25,#34,(#6)) ;
#35=CC_DESIGN_PERSON_AND_ORGANIZATION_ASSIGNMENT(#25,#36,(#6,#14)) ;
#37=CC_DESIGN_PERSON_AND_ORGANIZATION_ASSIGNMENT(#25,#38,(#5)) ;
#26=PERSON_AND_ORGANIZATION_ROLE('classification_officer') ;
#34=PERSON_AND_ORGANIZATION_ROLE('design_supplier') ;
#36=PERSON_AND_ORGANIZATION_ROLE('creator') ;
#38=PERSON_AND_ORGANIZATION_ROLE('design_owner') ;
#39=CC_DESIGN_SECURITY_CLASSIFICATION(#16,(#6)) ;
#60=CIRCLE('generated circle',#59,0.9925) ;
#69=CIRCLE('generated circle',#68,0.9925) ;
#78=CIRCLE('generated circle',#77,0.8875) ;
#87=CIRCLE('generated circle',#86,0.8875) ;
#111=CIRCLE('generated circle',#110,0.304073363543) ;
#125=CIRCLE('generated circle',#124,0.304073363543) ;
#142=CIRCLE('generated circle',#141,0.488431185484) ;
#158=CIRCLE('generated circle',#157,0.47) ;
#181=CIRCLE('generated circle',#180,0.47) ;
#188=CIRCLE('generated circle',#187,0.47) ;
#204=CIRCLE('generated circle',#203,0.304073363543) ;
#220=CIRCLE('generated circle',#219,0.47) ;
#234=CIRCLE('generated circle',#233,0.488431185484) ;
#319=CIRCLE('generated circle',#318,0.2825) ;
#389=CIRCLE('generated circle',#388,0.4875) ;
#401=CIRCLE('generated circle',#400,0.4875) ;
#414=CIRCLE('generated circle',#413,0.488431185484) ;
#419=CIRCLE('generated circle',#418,0.47) ;
#435=CIRCLE('generated circle',#434,0.304073363543) ;
#451=CIRCLE('generated circle',#450,0.47) ;
#458=CIRCLE('generated circle',#457,0.47) ;
#474=CIRCLE('generated circle',#473,0.304073363543) ;
#490=CIRCLE('generated circle',#489,0.47) ;
#524=CIRCLE('generated circle',#523,0.47) ;
#602=CIRCLE('generated circle',#601,0.304073363543) ;
#672=CIRCLE('generated circle',#671,0.47) ;
#684=CIRCLE('generated circle',#683,0.47) ;
#703=CIRCLE('generated circle',#702,0.47) ;
#716=CIRCLE('generated circle',#715,0.4875) ;
#743=CIRCLE('generated circle',#742,0.2825) ;
#757=CIRCLE('generated circle',#756,0.2825) ;
#771=CIRCLE('generated circle',#770,0.2825) ;
#785=CIRCLE('generated circle',#784,0.2825) ;
#790=CIRCLE('generated circle',#789,0.2825) ;
#822=CIRCLE('generated circle',#821,0.4075) ;
#839=CIRCLE('generated circle',#838,0.4075) ;
#860=CIRCLE('generated circle',#859,0.4075) ;
#890=CIRCLE('generated circle',#889,0.925) ;
#899=CIRCLE('generated circle',#898,0.925) ;
#947=CIRCLE('generated circle',#946,0.304073363543) ;
#1008=CIRCLE('generated circle',#1007,0.47) ;
#1027=CIRCLE('generated circle',#1026,0.47) ;
#1097=CIRCLE('generated circle',#1096,0.304073363543) ;
#1153=CIRCLE('generated circle',#1152,0.4075) ;
#1165=CIRCLE('generated circle',#1164,0.2825) ;
#1177=CIRCLE('generated circle',#1176,0.2825) ;
#1182=CIRCLE('generated circle',#1181,0.2825) ;
#1187=CIRCLE('generated circle',#1186,0.2825) ;
#1192=CIRCLE('generated circle',#1191,0.2825) ;
#1197=CIRCLE('generated circle',#1196,0.2825) ;
#1238=CIRCLE('generated circle',#1237,0.4075) ;
#1262=CIRCLE('generated circle',#1261,0.254363688816) ;
#1293=CIRCLE('generated circle',#1292,0.925) ;
#1319=CIRCLE('generated circle',#1318,0.925) ;
#1331=CIRCLE('generated circle',#1330,0.4075) ;
#1359=CIRCLE('generated circle',#1358,0.254363688816) ;
#1386=CIRCLE('generated circle',#1385,1.825) ;
#1395=CIRCLE('generated circle',#1394,1.825) ;
#1421=CIRCLE('generated circle',#1420,1.825) ;
#1440=CIRCLE('generated circle',#1439,1.825) ;
#1464=CIRCLE('generated circle',#1463,1.725) ;
#1483=CIRCLE('generated circle',#1482,1.725) ;
#1507=CIRCLE('generated circle',#1506,1.725) ;
#1526=CIRCLE('generated circle',#1525,1.725) ;
#1550=CIRCLE('generated circle',#1549,1.9) ;
#1569=CIRCLE('generated circle',#1568,1.9) ;
#1586=CIRCLE('generated circle',#1585,2.09625) ;
#1595=CIRCLE('generated circle',#1594,2.09625) ;
#1621=CIRCLE('generated circle',#1620,2.24625) ;
#1645=CIRCLE('generated circle',#1644,2.24625) ;
#1676=CIRCLE('generated circle',#1675,2.24625) ;
#1688=CIRCLE('generated circle',#1687,2.24625) ;
#1712=CIRCLE('generated circle',#1711,2.42625) ;
#1736=CIRCLE('generated circle',#1735,2.42625) ;
#1819=CIRCLE('generated circle',#1818,3.4) ;
#1973=CIRCLE('generated circle',#1972,0.9925) ;
#1982=CIRCLE('generated circle',#1981,0.9925) ;
#2106=CIRCLE('generated circle',#2105,3.4) ;
#2122=CIRCLE('generated circle',#2121,3.4) ;
#2136=CIRCLE('generated circle',#2135,3.4) ;
#2624=CIRCLE('generated circle',#2623,0.3025) ;
#2633=CIRCLE('generated circle',#2632,0.3025) ;
#2662=CIRCLE('generated circle',#2661,0.3025) ;
#2674=CIRCLE('generated circle',#2673,0.3025) ;
#2691=CIRCLE('generated circle',#2690,0.8875) ;
#2700=CIRCLE('generated circle',#2699,0.8875) ;
#138=CONICAL_SURFACE('Cone',#137,0.304073363543,0.950407608732) ;
#811=CONICAL_SURFACE('Cone',#810,0.2825,0.785398163397) ;
#1258=CONICAL_SURFACE('Cone',#1257,8.74336406028E-016,1.0471975512) ;
#1453=CONICAL_SURFACE('Cone',#1452,1.725,0.785398163397) ;
#1539=CONICAL_SURFACE('Cone',#1538,1.725,0.349065850399) ;
#1610=CONICAL_SURFACE('Cone',#1609,0.,0.785398163397) ;
#1641=CONICAL_SURFACE('Cone',#1640,0.,0.785398163397) ;
#1701=CONICAL_SURFACE('Cone',#1700,0.,0.785398163397) ;
#1732=CONICAL_SURFACE('Cone',#1731,0.,0.785398163397) ;
#1815=CONICAL_SURFACE('Cone',#1814,3.4,0.785398163397) ;
#2742=SHAPE_REPRESENTATION_RELATIONSHIP(' ',' ',#49,#2741) ;
#98=CYLINDRICAL_SURFACE('generated cylinder',#97,0.304073363543) ;
#376=CYLINDRICAL_SURFACE('generated cylinder',#375,0.4875) ;
#513=CYLINDRICAL_SURFACE('generated cylinder',#512,0.47) ;
#730=CYLINDRICAL_SURFACE('generated cylinder',#729,0.2825) ;
#1289=CYLINDRICAL_SURFACE('generated cylinder',#1288,0.925) ;
#1410=CYLINDRICAL_SURFACE('generated cylinder',#1409,1.825) ;
#1496=CYLINDRICAL_SURFACE('generated cylinder',#1495,1.725) ;
#1658=CYLINDRICAL_SURFACE('generated cylinder',#1657,2.24625) ;
#2370=CYLINDRICAL_SURFACE('generated cylinder',#2369,0.9925) ;
#2644=CYLINDRICAL_SURFACE('generated cylinder',#2643,0.3025) ;
#2715=CYLINDRICAL_SURFACE('generated cylinder',#2714,0.8875) ;
#3=DESIGN_CONTEXT(' ',#1,'design') ;
#65=EDGE_CURVE('',#62,#64,#60,.T.) ;
#70=EDGE_CURVE('',#64,#62,#69,.T.) ;
#83=EDGE_CURVE('',#80,#82,#78,.T.) ;
#88=EDGE_CURVE('',#82,#80,#87,.T.) ;
#107=EDGE_CURVE('',#104,#106,#102,.T.) ;
#114=EDGE_CURVE('',#113,#104,#111,.T.) ;
#121=EDGE_CURVE('',#113,#120,#118,.T.) ;
#126=EDGE_CURVE('',#120,#106,#125,.T.) ;
#147=EDGE_CURVE('',#144,#146,#142,.T.) ;
#154=EDGE_CURVE('',#146,#153,#151,.F.) ;
#161=EDGE_CURVE('',#160,#153,#158,.T.) ;
#168=EDGE_CURVE('',#106,#160,#162,.T.) ;
#177=EDGE_CURVE('',#120,#176,#169,.T.) ;
#184=EDGE_CURVE('',#183,#176,#181,.T.) ;
#191=EDGE_CURVE('',#183,#190,#188,.F.) ;
#200=EDGE_CURVE('',#199,#190,#192,.T.) ;
#207=EDGE_CURVE('',#206,#199,#204,.T.) ;
#216=EDGE_CURVE('',#206,#215,#208,.T.) ;
#223=EDGE_CURVE('',#215,#222,#220,.F.) ;
#230=EDGE_CURVE('',#229,#222,#227,.F.) ;
#235=EDGE_CURVE('',#144,#229,#234,.F.) ;
#264=EDGE_CURVE('',#263,#113,#261,.T.) ;
#271=EDGE_CURVE('',#270,#263,#268,.T.) ;
#281=EDGE_CURVE('',#270,#280,#272,.T.) ;
#288=EDGE_CURVE('',#280,#287,#285,.T.) ;
#293=EDGE_CURVE('',#287,#176,#292,.T.) ;
#315=EDGE_CURVE('',#104,#314,#312,.T.) ;
#320=EDGE_CURVE('',#263,#314,#319,.T.) ;
#339=EDGE_CURVE('',#338,#160,#336,.T.) ;
#346=EDGE_CURVE('',#338,#345,#343,.T.) ;
#356=EDGE_CURVE('',#355,#345,#347,.T.) ;
#361=EDGE_CURVE('',#355,#314,#360,.T.) ;
#385=EDGE_CURVE('',#382,#384,#380,.T.) ;
#392=EDGE_CURVE('',#391,#382,#389,.T.) ;
#397=EDGE_CURVE('',#391,#144,#396,.T.) ;
#402=EDGE_CURVE('',#384,#229,#401,.F.) ;
#415=EDGE_CURVE('',#146,#384,#414,.T.) ;
#422=EDGE_CURVE('',#421,#222,#419,.T.) ;
#431=EDGE_CURVE('',#430,#421,#423,.T.) ;
#438=EDGE_CURVE('',#437,#430,#435,.T.) ;
#447=EDGE_CURVE('',#437,#446,#439,.T.) ;
#454=EDGE_CURVE('',#453,#446,#451,.T.) ;
#461=EDGE_CURVE('',#453,#460,#458,.F.) ;
#470=EDGE_CURVE('',#469,#460,#462,.T.) ;
#477=EDGE_CURVE('',#476,#469,#474,.T.) ;
#486=EDGE_CURVE('',#476,#485,#478,.T.) ;
#491=EDGE_CURVE('',#485,#153,#490,.F.) ;
#520=EDGE_CURVE('',#519,#215,#517,.T.) ;
#527=EDGE_CURVE('',#519,#526,#524,.T.) ;
#532=EDGE_CURVE('',#526,#421,#531,.T.) ;
#554=EDGE_CURVE('',#551,#553,#549,.T.) ;
#561=EDGE_CURVE('',#551,#560,#558,.T.) ;
#571=EDGE_CURVE('',#560,#570,#562,.T.) ;
#576=EDGE_CURVE('',#570,#519,#575,.T.) ;
#581=EDGE_CURVE('',#553,#206,#580,.T.) ;
#598=EDGE_CURVE('',#597,#199,#595,.T.) ;
#603=EDGE_CURVE('',#553,#597,#602,.T.) ;
#622=EDGE_CURVE('',#621,#190,#619,.T.) ;
#629=EDGE_CURVE('',#621,#628,#626,.T.) ;
#639=EDGE_CURVE('',#638,#628,#630,.T.) ;
#646=EDGE_CURVE('',#645,#638,#643,.T.) ;
#651=EDGE_CURVE('',#597,#645,#650,.T.) ;
#668=EDGE_CURVE('',#183,#667,#665,.F.) ;
#673=EDGE_CURVE('',#667,#621,#672,.T.) ;
#685=EDGE_CURVE('',#287,#667,#684,.T.) ;
#699=EDGE_CURVE('',#698,#485,#696,.T.) ;
#704=EDGE_CURVE('',#698,#338,#703,.T.) ;
#717=EDGE_CURVE('',#382,#391,#716,.T.) ;
#739=EDGE_CURVE('',#736,#738,#734,.F.) ;
#746=EDGE_CURVE('',#736,#745,#743,.F.) ;
#753=EDGE_CURVE('',#745,#752,#750,.F.) ;
#760=EDGE_CURVE('',#759,#752,#757,.T.) ;
#767=EDGE_CURVE('',#759,#766,#764,.T.) ;
#774=EDGE_CURVE('',#766,#773,#771,.T.) ;
#781=EDGE_CURVE('',#780,#773,#778,.T.) ;
#786=EDGE_CURVE('',#270,#780,#785,.T.) ;
#791=EDGE_CURVE('',#738,#355,#790,.T.) ;
#818=EDGE_CURVE('',#817,#780,#815,.F.) ;
#823=EDGE_CURVE('',#280,#817,#822,.F.) ;
#840=EDGE_CURVE('',#817,#628,#839,.T.) ;
#856=EDGE_CURVE('',#855,#698,#853,.T.) ;
#861=EDGE_CURVE('',#855,#345,#860,.T.) ;
#874=EDGE_CURVE('',#738,#855,#869,.T.) ;
#895=EDGE_CURVE('',#892,#894,#890,.T.) ;
#900=EDGE_CURVE('',#894,#892,#899,.T.) ;
#921=EDGE_CURVE('',#736,#920,#918,.T.) ;
#926=EDGE_CURVE('',#920,#476,#925,.T.) ;
#943=EDGE_CURVE('',#942,#469,#940,.T.) ;
#948=EDGE_CURVE('',#920,#942,#947,.T.) ;
#967=EDGE_CURVE('',#966,#460,#964,.T.) ;
#974=EDGE_CURVE('',#966,#973,#971,.T.) ;
#982=EDGE_CURVE('',#752,#973,#975,.T.) ;
#987=EDGE_CURVE('',#942,#745,#986,.T.) ;
#1004=EDGE_CURVE('',#453,#1003,#1001,.F.) ;
#1009=EDGE_CURVE('',#1003,#966,#1008,.T.) ;
#1023=EDGE_CURVE('',#1022,#446,#1020,.T.) ;
#1028=EDGE_CURVE('',#1022,#1003,#1027,.T.) ;
#1049=EDGE_CURVE('',#1046,#1048,#1044,.T.) ;
#1056=EDGE_CURVE('',#1046,#1055,#1053,.T.) ;
#1066=EDGE_CURVE('',#1055,#1065,#1057,.T.) ;
#1071=EDGE_CURVE('',#1065,#1022,#1070,.T.) ;
#1076=EDGE_CURVE('',#1048,#437,#1075,.T.) ;
#1093=EDGE_CURVE('',#1092,#430,#1090,.T.) ;
#1098=EDGE_CURVE('',#1048,#1092,#1097,.T.) ;
#1117=EDGE_CURVE('',#526,#1116,#1114,.T.) ;
#1127=EDGE_CURVE('',#1126,#1116,#1118,.T.) ;
#1134=EDGE_CURVE('',#1133,#1126,#1131,.T.) ;
#1139=EDGE_CURVE('',#1092,#1133,#1138,.T.) ;
#1154=EDGE_CURVE('',#570,#1116,#1153,.T.) ;
#1166=EDGE_CURVE('',#551,#645,#1165,.T.) ;
#1178=EDGE_CURVE('',#780,#638,#1177,.T.) ;
#1183=EDGE_CURVE('',#773,#766,#1182,.T.) ;
#1188=EDGE_CURVE('',#1055,#759,#1187,.T.) ;
#1193=EDGE_CURVE('',#1046,#1133,#1192,.F.) ;
#1198=EDGE_CURVE('',#560,#1126,#1197,.T.) ;
#1241=EDGE_CURVE('',#1240,#973,#1238,.F.) ;
#1246=EDGE_CURVE('',#1240,#759,#1245,.F.) ;
#1267=EDGE_CURVE('',#1264,#1266,#1262,.T.) ;
#1272=EDGE_CURVE('',#773,#1264,#1271,.F.) ;
#1277=EDGE_CURVE('',#766,#1266,#1276,.F.) ;
#1298=EDGE_CURVE('',#1295,#1297,#1293,.T.) ;
#1303=EDGE_CURVE('',#1295,#892,#1302,.F.) ;
#1308=EDGE_CURVE('',#1297,#894,#1307,.F.) ;
#1320=EDGE_CURVE('',#1297,#1295,#1319,.T.) ;
#1332=EDGE_CURVE('',#1065,#1240,#1331,.T.) ;
#1360=EDGE_CURVE('',#1266,#1264,#1359,.T.) ;
#1391=EDGE_CURVE('',#1388,#1390,#1386,.F.) ;
#1396=EDGE_CURVE('',#1390,#1388,#1395,.F.) ;
#1417=EDGE_CURVE('',#1390,#1416,#1414,.T.) ;
#1424=EDGE_CURVE('',#1416,#1423,#1421,.T.) ;
#1429=EDGE_CURVE('',#1388,#1423,#1428,.T.) ;
#1441=EDGE_CURVE('',#1423,#1416,#1440,.T.) ;
#1460=EDGE_CURVE('',#1416,#1459,#1457,.F.) ;
#1467=EDGE_CURVE('',#1459,#1466,#1464,.F.) ;
#1472=EDGE_CURVE('',#1423,#1466,#1471,.F.) ;
#1484=EDGE_CURVE('',#1466,#1459,#1483,.F.) ;
#1503=EDGE_CURVE('',#1459,#1502,#1500,.T.) ;
#1510=EDGE_CURVE('',#1502,#1509,#1507,.T.) ;
#1515=EDGE_CURVE('',#1466,#1509,#1514,.T.) ;
#1527=EDGE_CURVE('',#1509,#1502,#1526,.T.) ;
#1546=EDGE_CURVE('',#1502,#1545,#1543,.T.) ;
#1553=EDGE_CURVE('',#1545,#1552,#1550,.T.) ;
#1558=EDGE_CURVE('',#1509,#1552,#1557,.T.) ;
#1570=EDGE_CURVE('',#1552,#1545,#1569,.T.) ;
#1591=EDGE_CURVE('',#1588,#1590,#1586,.T.) ;
#1596=EDGE_CURVE('',#1590,#1588,#1595,.T.) ;
#1617=EDGE_CURVE('',#1588,#1616,#1614,.T.) ;
#1624=EDGE_CURVE('',#1616,#1623,#1621,.T.) ;
#1629=EDGE_CURVE('',#1590,#1623,#1628,.T.) ;
#1646=EDGE_CURVE('',#1623,#1616,#1645,.T.) ;
#1665=EDGE_CURVE('',#1623,#1664,#1662,.F.) ;
#1672=EDGE_CURVE('',#1616,#1671,#1669,.F.) ;
#1677=EDGE_CURVE('',#1671,#1664,#1676,.T.) ;
#1689=EDGE_CURVE('',#1664,#1671,#1688,.T.) ;
#1708=EDGE_CURVE('',#1671,#1707,#1705,.T.) ;
#1715=EDGE_CURVE('',#1707,#1714,#1712,.T.) ;
#1720=EDGE_CURVE('',#1664,#1714,#1719,.T.) ;
#1737=EDGE_CURVE('',#1714,#1707,#1736,.T.) ;
#1761=EDGE_CURVE('',#1758,#1760,#1750,.T.) ;
#1768=EDGE_CURVE('',#1760,#1767,#1765,.T.) ;
#1775=EDGE_CURVE('',#1767,#1774,#1772,.T.) ;
#1782=EDGE_CURVE('',#1781,#1774,#1779,.T.) ;
#1792=EDGE_CURVE('',#1791,#1781,#1783,.T.) ;
#1797=EDGE_CURVE('',#1758,#1791,#1796,.T.) ;
#1822=EDGE_CURVE('',#1758,#1821,#1819,.T.) ;
#1829=EDGE_CURVE('',#1821,#1760,#1823,.T.) ;
#1849=EDGE_CURVE('',#1846,#1848,#1844,.T.) ;
#1854=EDGE_CURVE('',#1767,#1846,#1853,.F.) ;
#1861=EDGE_CURVE('',#1860,#1821,#1858,.F.) ;
#1869=EDGE_CURVE('',#1860,#1848,#1862,.T.) ;
#1890=EDGE_CURVE('',#1846,#1889,#1887,.T.) ;
#1895=EDGE_CURVE('',#1774,#1889,#1894,.F.) ;
#1910=EDGE_CURVE('',#1907,#1909,#1905,.T.) ;
#1917=EDGE_CURVE('',#1916,#1907,#1914,.F.) ;
#1924=EDGE_CURVE('',#1923,#1916,#1921,.T.) ;
#1929=EDGE_CURVE('',#1909,#1923,#1928,.F.) ;
#1944=EDGE_CURVE('',#1941,#1943,#1939,.T.) ;
#1951=EDGE_CURVE('',#1950,#1941,#1948,.F.) ;
#1958=EDGE_CURVE('',#1957,#1950,#1955,.T.) ;
#1963=EDGE_CURVE('',#1943,#1957,#1962,.F.) ;
#1978=EDGE_CURVE('',#1975,#1977,#1973,.T.) ;
#1983=EDGE_CURVE('',#1977,#1975,#1982,.T.) ;
#1996=EDGE_CURVE('',#1993,#1995,#1991,.T.) ;
#2003=EDGE_CURVE('',#2002,#1993,#2000,.F.) ;
#2010=EDGE_CURVE('',#2009,#2002,#2007,.T.) ;
#2015=EDGE_CURVE('',#1995,#2009,#2014,.F.) ;
#2030=EDGE_CURVE('',#2027,#2029,#2025,.T.) ;
#2037=EDGE_CURVE('',#2036,#2027,#2034,.F.) ;
#2044=EDGE_CURVE('',#2043,#2036,#2041,.T.) ;
#2049=EDGE_CURVE('',#2029,#2043,#2048,.F.) ;
#2073=EDGE_CURVE('',#2070,#2072,#2062,.T.) ;
#2080=EDGE_CURVE('',#2070,#2079,#2077,.F.) ;
#2088=EDGE_CURVE('',#2079,#1781,#2081,.T.) ;
#2093=EDGE_CURVE('',#1889,#2072,#2092,.T.) ;
#2107=EDGE_CURVE('',#2079,#1791,#2106,.T.) ;
#2125=EDGE_CURVE('',#2124,#2070,#2122,.T.) ;
#2132=EDGE_CURVE('',#2131,#2124,#2129,.T.) ;
#2137=EDGE_CURVE('',#1860,#2131,#2136,.T.) ;
#2155=EDGE_CURVE('',#2131,#1848,#2149,.T.) ;
#2174=EDGE_CURVE('',#2124,#2072,#2167,.T.) ;
#2195=EDGE_CURVE('',#1907,#2194,#2192,.T.) ;
#2202=EDGE_CURVE('',#1909,#2201,#2199,.T.) ;
#2207=EDGE_CURVE('',#2194,#2201,#2206,.T.) ;
#2226=EDGE_CURVE('',#1916,#2225,#2223,.T.) ;
#2231=EDGE_CURVE('',#2225,#2194,#2230,.F.) ;
#2250=EDGE_CURVE('',#1923,#2249,#2247,.T.) ;
#2255=EDGE_CURVE('',#2249,#2225,#2254,.T.) ;
#2272=EDGE_CURVE('',#2201,#2249,#2271,.F.) ;
#2286=EDGE_CURVE('',#1941,#2285,#2283,.T.) ;
#2293=EDGE_CURVE('',#1943,#2292,#2290,.T.) ;
#2298=EDGE_CURVE('',#2285,#2292,#2297,.T.) ;
#2317=EDGE_CURVE('',#1950,#2316,#2314,.T.) ;
#2322=EDGE_CURVE('',#2316,#2285,#2321,.F.) ;
#2336=EDGE_CURVE('',#1957,#2335,#2333,.T.) ;
#2341=EDGE_CURVE('',#2335,#2316,#2340,.T.) ;
#2358=EDGE_CURVE('',#2292,#2335,#2357,.F.) ;
#2375=EDGE_CURVE('',#64,#1977,#2374,.F.) ;
#2380=EDGE_CURVE('',#62,#1975,#2379,.F.) ;
#2406=EDGE_CURVE('',#1993,#2405,#2403,.T.) ;
#2413=EDGE_CURVE('',#1995,#2412,#2410,.T.) ;
#2418=EDGE_CURVE('',#2405,#2412,#2417,.T.) ;
#2437=EDGE_CURVE('',#2002,#2436,#2434,.T.) ;
#2442=EDGE_CURVE('',#2436,#2405,#2441,.F.) ;
#2461=EDGE_CURVE('',#2009,#2460,#2458,.T.) ;
#2466=EDGE_CURVE('',#2460,#2436,#2465,.T.) ;
#2483=EDGE_CURVE('',#2412,#2460,#2482,.F.) ;
#2502=EDGE_CURVE('',#2027,#2501,#2499,.T.) ;
#2509=EDGE_CURVE('',#2029,#2508,#2506,.T.) ;
#2514=EDGE_CURVE('',#2501,#2508,#2513,.T.) ;
#2528=EDGE_CURVE('',#2036,#2527,#2525,.T.) ;
#2533=EDGE_CURVE('',#2527,#2501,#2532,.F.) ;
#2552=EDGE_CURVE('',#2043,#2551,#2549,.T.) ;
#2557=EDGE_CURVE('',#2551,#2527,#2556,.T.) ;
#2569=EDGE_CURVE('',#2508,#2551,#2568,.F.) ;
#2629=EDGE_CURVE('',#2626,#2628,#2624,.T.) ;
#2634=EDGE_CURVE('',#2628,#2626,#2633,.T.) ;
#2651=EDGE_CURVE('',#2628,#2650,#2648,.T.) ;
#2658=EDGE_CURVE('',#2626,#2657,#2655,.T.) ;
#2663=EDGE_CURVE('',#2650,#2657,#2662,.T.) ;
#2675=EDGE_CURVE('',#2657,#2650,#2674,.T.) ;
#2696=EDGE_CURVE('',#2693,#2695,#2691,.T.) ;
#2701=EDGE_CURVE('',#2695,#2693,#2700,.T.) ;
#2720=EDGE_CURVE('',#82,#2693,#2719,.F.) ;
#2725=EDGE_CURVE('',#80,#2695,#2724,.F.) ;
#71=EDGE_LOOP('',(#72,#73)) ;
#89=EDGE_LOOP('',(#90,#91)) ;
#127=EDGE_LOOP('',(#128,#129,#130,#131)) ;
#236=EDGE_LOOP('',(#237,#238,#239,#240,#241,#242,#243,#244,#245,#246,#247,#248,#249,#250)) ;
#294=EDGE_LOOP('',(#295,#296,#297,#298,#299,#300,#301)) ;
#321=EDGE_LOOP('',(#322,#323,#324,#325)) ;
#362=EDGE_LOOP('',(#363,#364,#365,#366,#367,#368,#369)) ;
#403=EDGE_LOOP('',(#404,#405,#406,#407,#408)) ;
#492=EDGE_LOOP('',(#493,#494,#495,#496,#497,#498,#499,#500,#501,#502,#503,#504,#505,#506)) ;
#533=EDGE_LOOP('',(#534,#535,#536,#537,#538)) ;
#582=EDGE_LOOP('',(#583,#584,#585,#586,#587,#588,#589)) ;
#604=EDGE_LOOP('',(#605,#606,#607,#608)) ;
#652=EDGE_LOOP('',(#653,#654,#655,#656,#657,#658,#659)) ;
#674=EDGE_LOOP('',(#675,#676,#677,#678)) ;
#686=EDGE_LOOP('',(#687,#688,#689,#690)) ;
#705=EDGE_LOOP('',(#706,#707,#708,#709,#710)) ;
#718=EDGE_LOOP('',(#719,#720,#721,#722,#723)) ;
#792=EDGE_LOOP('',(#793,#794,#795,#796,#797,#798,#799,#800,#801,#802,#803,#804)) ;
#824=EDGE_LOOP('',(#825,#826,#827,#828)) ;
#841=EDGE_LOOP('',(#842,#843,#844,#845,#846,#847)) ;
#862=EDGE_LOOP('',(#863,#864,#865,#866)) ;
#875=EDGE_LOOP('',(#876,#877,#878,#879)) ;
#901=EDGE_LOOP('',(#902,#903)) ;
#905=EDGE_LOOP('',(#906,#907)) ;
#927=EDGE_LOOP('',(#928,#929,#930,#931,#932,#933,#934)) ;
#949=EDGE_LOOP('',(#950,#951,#952,#953)) ;
#988=EDGE_LOOP('',(#989,#990,#991,#992,#993,#994,#995)) ;
#1010=EDGE_LOOP('',(#1011,#1012,#1013,#1014)) ;
#1029=EDGE_LOOP('',(#1030,#1031,#1032,#1033)) ;
#1077=EDGE_LOOP('',(#1078,#1079,#1080,#1081,#1082,#1083,#1084)) ;
#1099=EDGE_LOOP('',(#1100,#1101,#1102,#1103)) ;
#1140=EDGE_LOOP('',(#1141,#1142,#1143,#1144,#1145,#1146,#1147)) ;
#1155=EDGE_LOOP('',(#1156,#1157,#1158,#1159)) ;
#1167=EDGE_LOOP('',(#1168,#1169,#1170,#1171)) ;
#1199=EDGE_LOOP('',(#1200,#1201,#1202,#1203,#1204,#1205,#1206,#1207,#1208,#1209,#1210,#1211)) ;
#1214=EDGE_LOOP('',(#1215,#1216,#1217,#1218)) ;
#1221=EDGE_LOOP('',(#1222,#1223,#1224,#1225)) ;
#1228=EDGE_LOOP('',(#1229,#1230,#1231,#1232)) ;
#1247=EDGE_LOOP('',(#1248,#1249,#1250,#1251)) ;
#1278=EDGE_LOOP('',(#1279,#1280,#1281,#1282)) ;
#1309=EDGE_LOOP('',(#1310,#1311,#1312,#1313)) ;
#1321=EDGE_LOOP('',(#1322,#1323,#1324,#1325)) ;
#1333=EDGE_LOOP('',(#1334,#1335,#1336,#1337,#1338,#1339)) ;
#1342=EDGE_LOOP('',(#1343,#1344,#1345,#1346)) ;
#1349=EDGE_LOOP('',(#1350,#1351,#1352,#1353)) ;
#1361=EDGE_LOOP('',(#1362,#1363,#1364,#1365)) ;
#1373=EDGE_LOOP('',(#1374,#1375)) ;
#1397=EDGE_LOOP('',(#1398,#1399)) ;
#1401=EDGE_LOOP('',(#1402,#1403)) ;
#1430=EDGE_LOOP('',(#1431,#1432,#1433,#1434)) ;
#1442=EDGE_LOOP('',(#1443,#1444,#1445,#1446)) ;
#1473=EDGE_LOOP('',(#1474,#1475,#1476,#1477)) ;
#1485=EDGE_LOOP('',(#1486,#1487,#1488,#1489)) ;
#1516=EDGE_LOOP('',(#1517,#1518,#1519,#1520)) ;
#1528=EDGE_LOOP('',(#1529,#1530,#1531,#1532)) ;
#1559=EDGE_LOOP('',(#1560,#1561,#1562,#1563)) ;
#1571=EDGE_LOOP('',(#1572,#1573,#1574,#1575)) ;
#1597=EDGE_LOOP('',(#1598,#1599)) ;
#1601=EDGE_LOOP('',(#1602,#1603)) ;
#1630=EDGE_LOOP('',(#1631,#1632,#1633,#1634)) ;
#1647=EDGE_LOOP('',(#1648,#1649,#1650,#1651)) ;
#1678=EDGE_LOOP('',(#1679,#1680,#1681,#1682)) ;
#1690=EDGE_LOOP('',(#1691,#1692,#1693,#1694)) ;
#1721=EDGE_LOOP('',(#1722,#1723,#1724,#1725)) ;
#1738=EDGE_LOOP('',(#1739,#1740,#1741,#1742)) ;
#1798=EDGE_LOOP('',(#1799,#1800,#1801,#1802,#1803,#1804)) ;
#1806=EDGE_LOOP('',(#1807,#1808)) ;
#1830=EDGE_LOOP('',(#1831,#1832,#1833)) ;
#1870=EDGE_LOOP('',(#1871,#1872,#1873,#1874,#1875,#1876)) ;
#1896=EDGE_LOOP('',(#1897,#1898,#1899,#1900)) ;
#1930=EDGE_LOOP('',(#1931,#1932,#1933,#1934)) ;
#1964=EDGE_LOOP('',(#1965,#1966,#1967,#1968)) ;
#1984=EDGE_LOOP('',(#1985,#1986)) ;
#2016=EDGE_LOOP('',(#2017,#2018,#2019,#2020)) ;
#2050=EDGE_LOOP('',(#2051,#2052,#2053,#2054)) ;
#2094=EDGE_LOOP('',(#2095,#2096,#2097,#2098,#2099,#2100)) ;
#2108=EDGE_LOOP('',(#2109,#2110,#2111)) ;
#2138=EDGE_LOOP('',(#2139,#2140,#2141,#2142,#2143,#2144,#2145,#2146)) ;
#2156=EDGE_LOOP('',(#2157,#2158,#2159)) ;
#2175=EDGE_LOOP('',(#2176,#2177,#2178,#2179,#2180,#2181)) ;
#2208=EDGE_LOOP('',(#2209,#2210,#2211,#2212)) ;
#2232=EDGE_LOOP('',(#2233,#2234,#2235,#2236)) ;
#2256=EDGE_LOOP('',(#2257,#2258,#2259,#2260)) ;
#2273=EDGE_LOOP('',(#2274,#2275,#2276,#2277)) ;
#2299=EDGE_LOOP('',(#2300,#2301,#2302,#2303)) ;
#2323=EDGE_LOOP('',(#2324,#2325,#2326,#2327)) ;
#2342=EDGE_LOOP('',(#2343,#2344,#2345,#2346)) ;
#2359=EDGE_LOOP('',(#2360,#2361,#2362,#2363)) ;
#2381=EDGE_LOOP('',(#2382,#2383,#2384,#2385)) ;
#2388=EDGE_LOOP('',(#2389,#2390,#2391,#2392)) ;
#2419=EDGE_LOOP('',(#2420,#2421,#2422,#2423)) ;
#2443=EDGE_LOOP('',(#2444,#2445,#2446,#2447)) ;
#2467=EDGE_LOOP('',(#2468,#2469,#2470,#2471)) ;
#2484=EDGE_LOOP('',(#2485,#2486,#2487,#2488)) ;
#2515=EDGE_LOOP('',(#2516,#2517,#2518,#2519)) ;
#2534=EDGE_LOOP('',(#2535,#2536,#2537,#2538)) ;
#2558=EDGE_LOOP('',(#2559,#2560,#2561,#2562)) ;
#2570=EDGE_LOOP('',(#2571,#2572,#2573,#2574)) ;
#2577=EDGE_LOOP('',(#2578,#2579,#2580)) ;
#2588=EDGE_LOOP('',(#2589,#2590,#2591,#2592)) ;
#2595=EDGE_LOOP('',(#2596,#2597,#2598,#2599)) ;
#2602=EDGE_LOOP('',(#2603,#2604,#2605,#2606)) ;
#2609=EDGE_LOOP('',(#2610,#2611,#2612,#2613)) ;
#2635=EDGE_LOOP('',(#2636,#2637)) ;
#2664=EDGE_LOOP('',(#2665,#2666,#2667,#2668)) ;
#2676=EDGE_LOOP('',(#2677,#2678,#2679,#2680)) ;
#2702=EDGE_LOOP('',(#2703,#2704)) ;
#2706=EDGE_LOOP('',(#2707,#2708)) ;
#2726=EDGE_LOOP('',(#2727,#2728,#2729,#2730)) ;
#2733=EDGE_LOOP('',(#2734,#2735,#2736,#2737)) ;
#74=FACE_OUTER_BOUND('',#71,.T.) ;
#132=FACE_OUTER_BOUND('',#127,.T.) ;
#251=FACE_OUTER_BOUND('',#236,.T.) ;
#302=FACE_OUTER_BOUND('',#294,.T.) ;
#326=FACE_OUTER_BOUND('',#321,.T.) ;
#370=FACE_OUTER_BOUND('',#362,.T.) ;
#409=FACE_OUTER_BOUND('',#403,.T.) ;
#507=FACE_OUTER_BOUND('',#492,.T.) ;
#539=FACE_OUTER_BOUND('',#533,.T.) ;
#590=FACE_OUTER_BOUND('',#582,.T.) ;
#609=FACE_OUTER_BOUND('',#604,.T.) ;
#660=FACE_OUTER_BOUND('',#652,.T.) ;
#679=FACE_OUTER_BOUND('',#674,.T.) ;
#691=FACE_OUTER_BOUND('',#686,.T.) ;
#711=FACE_OUTER_BOUND('',#705,.T.) ;
#724=FACE_OUTER_BOUND('',#718,.T.) ;
#805=FACE_OUTER_BOUND('',#792,.T.) ;
#829=FACE_OUTER_BOUND('',#824,.T.) ;
#848=FACE_OUTER_BOUND('',#841,.T.) ;
#867=FACE_OUTER_BOUND('',#862,.T.) ;
#880=FACE_OUTER_BOUND('',#875,.T.) ;
#904=FACE_OUTER_BOUND('',#901,.T.) ;
#935=FACE_OUTER_BOUND('',#927,.T.) ;
#954=FACE_OUTER_BOUND('',#949,.T.) ;
#996=FACE_OUTER_BOUND('',#988,.T.) ;
#1015=FACE_OUTER_BOUND('',#1010,.T.) ;
#1034=FACE_OUTER_BOUND('',#1029,.T.) ;
#1085=FACE_OUTER_BOUND('',#1077,.T.) ;
#1104=FACE_OUTER_BOUND('',#1099,.T.) ;
#1148=FACE_OUTER_BOUND('',#1140,.T.) ;
#1160=FACE_OUTER_BOUND('',#1155,.T.) ;
#1172=FACE_OUTER_BOUND('',#1167,.T.) ;
#1212=FACE_OUTER_BOUND('',#1199,.T.) ;
#1219=FACE_OUTER_BOUND('',#1214,.T.) ;
#1226=FACE_OUTER_BOUND('',#1221,.T.) ;
#1233=FACE_OUTER_BOUND('',#1228,.T.) ;
#1252=FACE_OUTER_BOUND('',#1247,.T.) ;
#1283=FACE_OUTER_BOUND('',#1278,.T.) ;
#1314=FACE_OUTER_BOUND('',#1309,.T.) ;
#1326=FACE_OUTER_BOUND('',#1321,.T.) ;
#1340=FACE_OUTER_BOUND('',#1333,.T.) ;
#1347=FACE_OUTER_BOUND('',#1342,.T.) ;
#1354=FACE_OUTER_BOUND('',#1349,.T.) ;
#1366=FACE_OUTER_BOUND('',#1361,.T.) ;
#1376=FACE_OUTER_BOUND('',#1373,.T.) ;
#1400=FACE_OUTER_BOUND('',#1397,.T.) ;
#1435=FACE_OUTER_BOUND('',#1430,.T.) ;
#1447=FACE_OUTER_BOUND('',#1442,.T.) ;
#1478=FACE_OUTER_BOUND('',#1473,.T.) ;
#1490=FACE_OUTER_BOUND('',#1485,.T.) ;
#1521=FACE_OUTER_BOUND('',#1516,.T.) ;
#1533=FACE_OUTER_BOUND('',#1528,.T.) ;
#1564=FACE_OUTER_BOUND('',#1559,.T.) ;
#1576=FACE_OUTER_BOUND('',#1571,.T.) ;
#1600=FACE_OUTER_BOUND('',#1597,.T.) ;
#1635=FACE_OUTER_BOUND('',#1630,.T.) ;
#1652=FACE_OUTER_BOUND('',#1647,.T.) ;
#1683=FACE_OUTER_BOUND('',#1678,.T.) ;
#1695=FACE_OUTER_BOUND('',#1690,.T.) ;
#1726=FACE_OUTER_BOUND('',#1721,.T.) ;
#1743=FACE_OUTER_BOUND('',#1738,.T.) ;
#1805=FACE_OUTER_BOUND('',#1798,.T.) ;
#1834=FACE_OUTER_BOUND('',#1830,.T.) ;
#1877=FACE_OUTER_BOUND('',#1870,.T.) ;
#1901=FACE_OUTER_BOUND('',#1896,.T.) ;
#2101=FACE_OUTER_BOUND('',#2094,.T.) ;
#2112=FACE_OUTER_BOUND('',#2108,.T.) ;
#2147=FACE_OUTER_BOUND('',#2138,.T.) ;
#2160=FACE_OUTER_BOUND('',#2156,.T.) ;
#2182=FACE_OUTER_BOUND('',#2175,.T.) ;
#2213=FACE_OUTER_BOUND('',#2208,.T.) ;
#2237=FACE_OUTER_BOUND('',#2232,.T.) ;
#2261=FACE_OUTER_BOUND('',#2256,.T.) ;
#2278=FACE_OUTER_BOUND('',#2273,.T.) ;
#2304=FACE_OUTER_BOUND('',#2299,.T.) ;
#2328=FACE_OUTER_BOUND('',#2323,.T.) ;
#2347=FACE_OUTER_BOUND('',#2342,.T.) ;
#2364=FACE_OUTER_BOUND('',#2359,.T.) ;
#2386=FACE_OUTER_BOUND('',#2381,.T.) ;
#2393=FACE_OUTER_BOUND('',#2388,.T.) ;
#2424=FACE_OUTER_BOUND('',#2419,.T.) ;
#2448=FACE_OUTER_BOUND('',#2443,.T.) ;
#2472=FACE_OUTER_BOUND('',#2467,.T.) ;
#2489=FACE_OUTER_BOUND('',#2484,.T.) ;
#2520=FACE_OUTER_BOUND('',#2515,.T.) ;
#2539=FACE_OUTER_BOUND('',#2534,.T.) ;
#2563=FACE_OUTER_BOUND('',#2558,.T.) ;
#2575=FACE_OUTER_BOUND('',#2570,.T.) ;
#2581=FACE_OUTER_BOUND('',#2577,.T.) ;
#2593=FACE_OUTER_BOUND('',#2588,.T.) ;
#2600=FACE_OUTER_BOUND('',#2595,.T.) ;
#2607=FACE_OUTER_BOUND('',#2602,.T.) ;
#2614=FACE_OUTER_BOUND('',#2609,.T.) ;
#2638=FACE_OUTER_BOUND('',#2635,.T.) ;
#2669=FACE_OUTER_BOUND('',#2664,.T.) ;
#2681=FACE_OUTER_BOUND('',#2676,.T.) ;
#2705=FACE_OUTER_BOUND('',#2702,.T.) ;
#2731=FACE_OUTER_BOUND('',#2726,.T.) ;
#2738=FACE_OUTER_BOUND('',#2733,.T.) ;
#45=UNCERTAINTY_MEASURE_WITH_UNIT(LENGTH_MEASURE(0.005),#41,'distance_accuracy_value','CONFUSED CURVE UNCERTAINTY') ;
#102=LINE('Line',#99,#101) ;
#118=LINE('Line',#115,#117) ;
#151=LINE('Line',#148,#150) ;
#227=LINE('Line',#224,#226) ;
#261=LINE('Line',#258,#260) ;
#268=LINE('Line',#265,#267) ;
#285=LINE('Line',#282,#284) ;
#292=LINE('Line',#289,#291) ;
#312=LINE('Line',#309,#311) ;
#336=LINE('Line',#333,#335) ;
#343=LINE('Line',#340,#342) ;
#360=LINE('Line',#357,#359) ;
#380=LINE('Line',#377,#379) ;
#396=LINE('Line',#393,#395) ;
#517=LINE('Line',#514,#516) ;
#531=LINE('Line',#528,#530) ;
#549=LINE('Line',#546,#548) ;
#558=LINE('Line',#555,#557) ;
#575=LINE('Line',#572,#574) ;
#580=LINE('Line',#577,#579) ;
#595=LINE('Line',#592,#594) ;
#619=LINE('Line',#616,#618) ;
#626=LINE('Line',#623,#625) ;
#643=LINE('Line',#640,#642) ;
#650=LINE('Line',#647,#649) ;
#665=LINE('Line',#662,#664) ;
#696=LINE('Line',#693,#695) ;
#734=LINE('Line',#731,#733) ;
#750=LINE('Line',#747,#749) ;
#764=LINE('Line',#761,#763) ;
#778=LINE('Line',#775,#777) ;
#815=LINE('Line',#812,#814) ;
#853=LINE('Line',#850,#852) ;
#918=LINE('Line',#915,#917) ;
#925=LINE('Line',#922,#924) ;
#940=LINE('Line',#937,#939) ;
#964=LINE('Line',#961,#963) ;
#971=LINE('Line',#968,#970) ;
#986=LINE('Line',#983,#985) ;
#1001=LINE('Line',#998,#1000) ;
#1020=LINE('Line',#1017,#1019) ;
#1044=LINE('Line',#1041,#1043) ;
#1053=LINE('Line',#1050,#1052) ;
#1070=LINE('Line',#1067,#1069) ;
#1075=LINE('Line',#1072,#1074) ;
#1090=LINE('Line',#1087,#1089) ;
#1114=LINE('Line',#1111,#1113) ;
#1131=LINE('Line',#1128,#1130) ;
#1138=LINE('Line',#1135,#1137) ;
#1245=LINE('Line',#1242,#1244) ;
#1271=LINE('Line',#1268,#1270) ;
#1276=LINE('Line',#1273,#1275) ;
#1302=LINE('Line',#1299,#1301) ;
#1307=LINE('Line',#1304,#1306) ;
#1414=LINE('Line',#1411,#1413) ;
#1428=LINE('Line',#1425,#1427) ;
#1457=LINE('Line',#1454,#1456) ;
#1471=LINE('Line',#1468,#1470) ;
#1500=LINE('Line',#1497,#1499) ;
#1514=LINE('Line',#1511,#1513) ;
#1543=LINE('Line',#1540,#1542) ;
#1557=LINE('Line',#1554,#1556) ;
#1614=LINE('Line',#1611,#1613) ;
#1628=LINE('Line',#1625,#1627) ;
#1662=LINE('Line',#1659,#1661) ;
#1669=LINE('Line',#1666,#1668) ;
#1705=LINE('Line',#1702,#1704) ;
#1719=LINE('Line',#1716,#1718) ;
#1765=LINE('Line',#1762,#1764) ;
#1772=LINE('Line',#1769,#1771) ;
#1779=LINE('Line',#1776,#1778) ;
#1796=LINE('Line',#1793,#1795) ;
#1844=LINE('Line',#1841,#1843) ;
#1853=LINE('Line',#1850,#1852) ;
#1858=LINE('Line',#1855,#1857) ;
#1887=LINE('Line',#1884,#1886) ;
#1894=LINE('Line',#1891,#1893) ;
#1905=LINE('Line',#1902,#1904) ;
#1914=LINE('Line',#1911,#1913) ;
#1921=LINE('Line',#1918,#1920) ;
#1928=LINE('Line',#1925,#1927) ;
#1939=LINE('Line',#1936,#1938) ;
#1948=LINE('Line',#1945,#1947) ;
#1955=LINE('Line',#1952,#1954) ;
#1962=LINE('Line',#1959,#1961) ;
#1991=LINE('Line',#1988,#1990) ;
#2000=LINE('Line',#1997,#1999) ;
#2007=LINE('Line',#2004,#2006) ;
#2014=LINE('Line',#2011,#2013) ;
#2025=LINE('Line',#2022,#2024) ;
#2034=LINE('Line',#2031,#2033) ;
#2041=LINE('Line',#2038,#2040) ;
#2048=LINE('Line',#2045,#2047) ;
#2077=LINE('Line',#2074,#2076) ;
#2092=LINE('Line',#2089,#2091) ;
#2129=LINE('Line',#2126,#2128) ;
#2192=LINE('Line',#2189,#2191) ;
#2199=LINE('Line',#2196,#2198) ;
#2206=LINE('Line',#2203,#2205) ;
#2223=LINE('Line',#2220,#2222) ;
#2230=LINE('Line',#2227,#2229) ;
#2247=LINE('Line',#2244,#2246) ;
#2254=LINE('Line',#2251,#2253) ;
#2271=LINE('Line',#2268,#2270) ;
#2283=LINE('Line',#2280,#2282) ;
#2290=LINE('Line',#2287,#2289) ;
#2297=LINE('Line',#2294,#2296) ;
#2314=LINE('Line',#2311,#2313) ;
#2321=LINE('Line',#2318,#2320) ;
#2333=LINE('Line',#2330,#2332) ;
#2340=LINE('Line',#2337,#2339) ;
#2357=LINE('Line',#2354,#2356) ;
#2374=LINE('Line',#2371,#2373) ;
#2379=LINE('Line',#2376,#2378) ;
#2403=LINE('Line',#2400,#2402) ;
#2410=LINE('Line',#2407,#2409) ;
#2417=LINE('Line',#2414,#2416) ;
#2434=LINE('Line',#2431,#2433) ;
#2441=LINE('Line',#2438,#2440) ;
#2458=LINE('Line',#2455,#2457) ;
#2465=LINE('Line',#2462,#2464) ;
#2482=LINE('Line',#2479,#2481) ;
#2499=LINE('Line',#2496,#2498) ;
#2506=LINE('Line',#2503,#2505) ;
#2513=LINE('Line',#2510,#2512) ;
#2525=LINE('Line',#2522,#2524) ;
#2532=LINE('Line',#2529,#2531) ;
#2549=LINE('Line',#2546,#2548) ;
#2556=LINE('Line',#2553,#2555) ;
#2568=LINE('Line',#2565,#2567) ;
#2648=LINE('Line',#2645,#2647) ;
#2655=LINE('Line',#2652,#2654) ;
#2719=LINE('Line',#2716,#2718) ;
#2724=LINE('Line',#2721,#2723) ;
#2=MECHANICAL_CONTEXT(' ',#1,'mechanical') ;
#24=PERSONAL_ADDRESS(' ',' ',' ',' ',' ',' ',' ',' ',' ',' ',' ',' ',(#22),' ') ;
#56=PLANE('Plane',#55) ;
#257=PLANE('Plane',#256) ;
#308=PLANE('Plane',#307) ;
#332=PLANE('Plane',#331) ;
#545=PLANE('Plane',#544) ;
#615=PLANE('Plane',#614) ;
#835=PLANE('Plane',#834) ;
#886=PLANE('Plane',#885) ;
#914=PLANE('Plane',#913) ;
#960=PLANE('Plane',#959) ;
#1040=PLANE('Plane',#1039) ;
#1110=PLANE('Plane',#1109) ;
#1372=PLANE('Plane',#1371) ;
#1382=PLANE('Plane',#1381) ;
#1582=PLANE('Plane',#1581) ;
#1749=PLANE('Plane',#1748) ;
#1840=PLANE('Plane',#1839) ;
#1883=PLANE('Plane',#1882) ;
#2061=PLANE('Plane',#2060) ;
#2118=PLANE('Plane',#2117) ;
#2166=PLANE('Plane',#2165) ;
#2188=PLANE('Plane',#2187) ;
#2219=PLANE('Plane',#2218) ;
#2243=PLANE('Plane',#2242) ;
#2267=PLANE('Plane',#2266) ;
#2310=PLANE('Plane',#2309) ;
#2353=PLANE('Plane',#2352) ;
#2399=PLANE('Plane',#2398) ;
#2430=PLANE('Plane',#2429) ;
#2454=PLANE('Plane',#2453) ;
#2478=PLANE('Plane',#2477) ;
#2495=PLANE('Plane',#2494) ;
#2545=PLANE('Plane',#2544) ;
#2587=PLANE('Plane',#2586) ;
#2620=PLANE('Plane',#2619) ;
#2687=PLANE('Plane',#2686) ;
#43=PLANE_ANGLE_MEASURE_WITH_UNIT(PLANE_ANGLE_MEASURE(0.0174532925199),#42) ;
#7=PRODUCT_CATEGORY('part',$) ;
#9=PRODUCT_CATEGORY_RELATIONSHIP(' ',' ',#7,#8) ;
#6=PRODUCT_DEFINITION_FORMATION_WITH_SPECIFIED_SOURCE('',' ',#5,.NOT_KNOWN.) ;
#8=PRODUCT_RELATED_PRODUCT_CATEGORY('detail',$,(#5)) ;
#50=SHAPE_DEFINITION_REPRESENTATION(#40,#49) ;
#62=VERTEX_POINT('',#61) ;
#64=VERTEX_POINT('',#63) ;
#80=VERTEX_POINT('',#79) ;
#82=VERTEX_POINT('',#81) ;
#104=VERTEX_POINT('',#103) ;
#106=VERTEX_POINT('',#105) ;
#113=VERTEX_POINT('',#112) ;
#120=VERTEX_POINT('',#119) ;
#144=VERTEX_POINT('',#143) ;
#146=VERTEX_POINT('',#145) ;
#153=VERTEX_POINT('',#152) ;
#160=VERTEX_POINT('',#159) ;
#176=VERTEX_POINT('',#175) ;
#183=VERTEX_POINT('',#182) ;
#190=VERTEX_POINT('',#189) ;
#199=VERTEX_POINT('',#198) ;
#206=VERTEX_POINT('',#205) ;
#215=VERTEX_POINT('',#214) ;
#222=VERTEX_POINT('',#221) ;
#229=VERTEX_POINT('',#228) ;
#263=VERTEX_POINT('',#262) ;
#270=VERTEX_POINT('',#269) ;
#280=VERTEX_POINT('',#279) ;
#287=VERTEX_POINT('',#286) ;
#314=VERTEX_POINT('',#313) ;
#338=VERTEX_POINT('',#337) ;
#345=VERTEX_POINT('',#344) ;
#355=VERTEX_POINT('',#354) ;
#382=VERTEX_POINT('',#381) ;
#384=VERTEX_POINT('',#383) ;
#391=VERTEX_POINT('',#390) ;
#421=VERTEX_POINT('',#420) ;
#430=VERTEX_POINT('',#429) ;
#437=VERTEX_POINT('',#436) ;
#446=VERTEX_POINT('',#445) ;
#453=VERTEX_POINT('',#452) ;
#460=VERTEX_POINT('',#459) ;
#469=VERTEX_POINT('',#468) ;
#476=VERTEX_POINT('',#475) ;
#485=VERTEX_POINT('',#484) ;
#519=VERTEX_POINT('',#518) ;
#526=VERTEX_POINT('',#525) ;
#551=VERTEX_POINT('',#550) ;
#553=VERTEX_POINT('',#552) ;
#560=VERTEX_POINT('',#559) ;
#570=VERTEX_POINT('',#569) ;
#597=VERTEX_POINT('',#596) ;
#621=VERTEX_POINT('',#620) ;
#628=VERTEX_POINT('',#627) ;
#638=VERTEX_POINT('',#637) ;
#645=VERTEX_POINT('',#644) ;
#667=VERTEX_POINT('',#666) ;
#698=VERTEX_POINT('',#697) ;
#736=VERTEX_POINT('',#735) ;
#738=VERTEX_POINT('',#737) ;
#745=VERTEX_POINT('',#744) ;
#752=VERTEX_POINT('',#751) ;
#759=VERTEX_POINT('',#758) ;
#766=VERTEX_POINT('',#765) ;
#773=VERTEX_POINT('',#772) ;
#780=VERTEX_POINT('',#779) ;
#817=VERTEX_POINT('',#816) ;
#855=VERTEX_POINT('',#854) ;
#892=VERTEX_POINT('',#891) ;
#894=VERTEX_POINT('',#893) ;
#920=VERTEX_POINT('',#919) ;
#942=VERTEX_POINT('',#941) ;
#966=VERTEX_POINT('',#965) ;
#973=VERTEX_POINT('',#972) ;
#1003=VERTEX_POINT('',#1002) ;
#1022=VERTEX_POINT('',#1021) ;
#1046=VERTEX_POINT('',#1045) ;
#1048=VERTEX_POINT('',#1047) ;
#1055=VERTEX_POINT('',#1054) ;
#1065=VERTEX_POINT('',#1064) ;
#1092=VERTEX_POINT('',#1091) ;
#1116=VERTEX_POINT('',#1115) ;
#1126=VERTEX_POINT('',#1125) ;
#1133=VERTEX_POINT('',#1132) ;
#1240=VERTEX_POINT('',#1239) ;
#1264=VERTEX_POINT('',#1263) ;
#1266=VERTEX_POINT('',#1265) ;
#1295=VERTEX_POINT('',#1294) ;
#1297=VERTEX_POINT('',#1296) ;
#1388=VERTEX_POINT('',#1387) ;
#1390=VERTEX_POINT('',#1389) ;
#1416=VERTEX_POINT('',#1415) ;
#1423=VERTEX_POINT('',#1422) ;
#1459=VERTEX_POINT('',#1458) ;
#1466=VERTEX_POINT('',#1465) ;
#1502=VERTEX_POINT('',#1501) ;
#1509=VERTEX_POINT('',#1508) ;
#1545=VERTEX_POINT('',#1544) ;
#1552=VERTEX_POINT('',#1551) ;
#1588=VERTEX_POINT('',#1587) ;
#1590=VERTEX_POINT('',#1589) ;
#1616=VERTEX_POINT('',#1615) ;
#1623=VERTEX_POINT('',#1622) ;
#1664=VERTEX_POINT('',#1663) ;
#1671=VERTEX_POINT('',#1670) ;
#1707=VERTEX_POINT('',#1706) ;
#1714=VERTEX_POINT('',#1713) ;
#1758=VERTEX_POINT('',#1757) ;
#1760=VERTEX_POINT('',#1759) ;
#1767=VERTEX_POINT('',#1766) ;
#1774=VERTEX_POINT('',#1773) ;
#1781=VERTEX_POINT('',#1780) ;
#1791=VERTEX_POINT('',#1790) ;
#1821=VERTEX_POINT('',#1820) ;
#1846=VERTEX_POINT('',#1845) ;
#1848=VERTEX_POINT('',#1847) ;
#1860=VERTEX_POINT('',#1859) ;
#1889=VERTEX_POINT('',#1888) ;
#1907=VERTEX_POINT('',#1906) ;
#1909=VERTEX_POINT('',#1908) ;
#1916=VERTEX_POINT('',#1915) ;
#1923=VERTEX_POINT('',#1922) ;
#1941=VERTEX_POINT('',#1940) ;
#1943=VERTEX_POINT('',#1942) ;
#1950=VERTEX_POINT('',#1949) ;
#1957=VERTEX_POINT('',#1956) ;
#1975=VERTEX_POINT('',#1974) ;
#1977=VERTEX_POINT('',#1976) ;
#1993=VERTEX_POINT('',#1992) ;
#1995=VERTEX_POINT('',#1994) ;
#2002=VERTEX_POINT('',#2001) ;
#2009=VERTEX_POINT('',#2008) ;
#2027=VERTEX_POINT('',#2026) ;
#2029=VERTEX_POINT('',#2028) ;
#2036=VERTEX_POINT('',#2035) ;
#2043=VERTEX_POINT('',#2042) ;
#2070=VERTEX_POINT('',#2069) ;
#2072=VERTEX_POINT('',#2071) ;
#2079=VERTEX_POINT('',#2078) ;
#2124=VERTEX_POINT('',#2123) ;
#2131=VERTEX_POINT('',#2130) ;
#2194=VERTEX_POINT('',#2193) ;
#2201=VERTEX_POINT('',#2200) ;
#2225=VERTEX_POINT('',#2224) ;
#2249=VERTEX_POINT('',#2248) ;
#2285=VERTEX_POINT('',#2284) ;
#2292=VERTEX_POINT('',#2291) ;
#2316=VERTEX_POINT('',#2315) ;
#2335=VERTEX_POINT('',#2334) ;
#2405=VERTEX_POINT('',#2404) ;
#2412=VERTEX_POINT('',#2411) ;
#2436=VERTEX_POINT('',#2435) ;
#2460=VERTEX_POINT('',#2459) ;
#2501=VERTEX_POINT('',#2500) ;
#2508=VERTEX_POINT('',#2507) ;
#2527=VERTEX_POINT('',#2526) ;
#2551=VERTEX_POINT('',#2550) ;
#2626=VERTEX_POINT('',#2625) ;
#2628=VERTEX_POINT('',#2627) ;
#2650=VERTEX_POINT('',#2649) ;
#2657=VERTEX_POINT('',#2656) ;
#2693=VERTEX_POINT('',#2692) ;
#2695=VERTEX_POINT('',#2694) ;
#41=(LENGTH_UNIT()NAMED_UNIT(*)SI_UNIT(.MILLI.,.METRE.)) ;
#42=(NAMED_UNIT(*)PLANE_ANGLE_UNIT()SI_UNIT($,.RADIAN.)) ;
#44=(NAMED_UNIT(*)SI_UNIT($,.STERADIAN.)SOLID_ANGLE_UNIT()) ;
#46=(GEOMETRIC_REPRESENTATION_CONTEXT(3)GLOBAL_UNCERTAINTY_ASSIGNED_CONTEXT((#45))GLOBAL_UNIT_ASSIGNED_CONTEXT((#41,#42,#44))REPRESENTATION_CONTEXT(' ',' ')) ;
ENDSEC;
END-ISO-10303-21;
